customer_id,response,total_spend,num_orders,last_purchase,first_purchase
CS1112,0,1012,15,2015-01-14,2011-06-15
CS1113,0,1490,20,2015-02-09,2011-05-27
CS1114,1,1432,19,2015-02-12,2011-07-14
CS1115,1,1659,22,2015-03-05,2011-08-10
CS1116,1,857,13,2014-08-25,2011-06-27
CS1117,0,1185,17,2014-07-02,2011-05-20
CS1118,1,1011,15,2015-03-14,2011-05-18
CS1119,0,1158,15,2015-03-05,2012-02-28
CS1120,0,1677,24,2015-03-06,2011-05-26
CS1121,0,1524,26,2015-02-03,2011-05-30
CS1122,0,1156,16,2015-02-02,2011-07-19
CS1123,0,1331,19,2014-11-27,2011-05-26
CS1124,0,1127,18,2015-01-02,2011-06-27
CS1125,0,885,12,2015-02-19,2011-11-08
CS1126,0,1165,19,2014-09-18,2011-07-14
CS1127,0,1676,24,2015-02-05,2011-07-11
CS1128,0,1921,26,2014-12-31,2011-05-24
CS1129,0,853,12,2014-11-30,2011-05-30
CS1130,0,1185,19,2015-03-13,2011-08-18
CS1131,0,998,14,2015-02-24,2011-08-24
CS1132,0,1074,16,2015-02-17,2011-07-13
CS1133,0,1413,19,2015-02-21,2011-06-01
CS1134,0,1166,16,2014-11-27,2011-09-06
CS1135,1,1267,20,2014-04-15,2011-07-01
CS1136,0,1339,20,2015-02-17,2011-08-12
CS1137,0,1380,20,2015-01-20,2011-05-25
CS1138,0,1863,24,2015-03-03,2011-05-24
CS1139,0,1245,18,2014-11-25,2011-06-16
CS1140,0,1434,20,2015-02-16,2011-05-21
CS1141,1,1778,25,2015-01-22,2011-08-12
CS1142,1,1847,22,2014-10-06,2011-05-31
CS1143,1,1255,16,2014-08-16,2011-07-05
CS1144,0,1222,18,2014-10-11,2011-06-05
CS1145,1,1967,27,2014-10-25,2011-06-03
CS1146,0,1117,16,2015-03-09,2011-12-25
CS1147,0,1004,15,2015-03-12,2011-06-14
CS1148,1,1733,25,2014-12-23,2011-07-06
CS1149,0,1768,25,2015-03-01,2011-06-17
CS1150,0,1075,14,2014-12-17,2011-08-23
CS1151,0,1040,16,2015-02-18,2011-08-10
CS1152,0,1457,20,2015-03-10,2011-09-23
CS1153,0,1274,18,2015-02-10,2011-06-13
CS1154,0,1436,23,2015-03-16,2011-08-30
CS1155,0,1317,19,2014-11-10,2011-06-22
CS1156,0,1445,20,2015-03-07,2011-06-25
CS1157,0,1427,21,2015-02-25,2011-12-30
CS1158,0,1159,18,2014-12-04,2011-07-16
CS1159,0,1439,22,2015-02-08,2011-06-20
CS1160,1,1380,20,2015-01-31,2011-11-07
CS1161,0,1389,22,2015-03-12,2011-06-22
CS1162,0,1815,24,2015-02-25,2011-05-23
CS1163,0,1290,18,2015-02-06,2011-05-21
CS1164,0,2037,26,2015-02-27,2011-07-02
CS1165,0,1335,20,2014-12-12,2011-07-28
CS1166,0,1507,19,2014-12-08,2011-05-31
CS1167,1,1132,16,2014-11-17,2011-05-24
CS1168,0,916,14,2014-11-25,2011-11-14
CS1169,0,1175,18,2014-12-20,2011-10-04
CS1170,0,1272,18,2015-03-13,2011-06-20
CS1171,0,1555,22,2015-03-15,2011-07-13
CS1172,1,1306,18,2014-07-01,2011-05-18
CS1173,1,1429,21,2015-01-26,2011-08-13
CS1174,0,1554,23,2015-02-21,2011-07-22
CS1175,0,1106,17,2015-01-23,2011-05-17
CS1176,0,1401,18,2015-02-15,2011-06-03
CS1177,0,1310,17,2015-02-06,2011-05-16
CS1178,0,1535,22,2015-02-13,2011-08-08
CS1179,0,2091,29,2015-01-29,2011-06-04
CS1180,0,1637,23,2015-01-21,2011-08-17
CS1181,0,1893,27,2015-01-18,2011-08-05
CS1182,1,1749,24,2014-12-04,2011-06-24
CS1183,0,1967,26,2015-03-04,2011-06-05
CS1184,0,1999,28,2015-03-16,2011-06-21
CS1185,0,1801,27,2015-03-05,2011-07-14
CS1186,0,1439,19,2015-01-23,2011-08-07
CS1187,0,1559,22,2015-02-22,2011-05-18
CS1188,0,1010,16,2015-03-12,2011-06-07
CS1189,0,1564,23,2015-01-12,2011-08-09
CS1190,0,1324,18,2015-02-04,2011-06-12
CS1191,1,1522,21,2015-01-09,2011-06-04
CS1192,0,1313,18,2015-02-06,2011-06-19
CS1193,0,953,15,2014-06-06,2011-07-04
CS1194,0,1505,22,2015-03-07,2011-10-14
CS1195,0,1378,20,2015-02-24,2011-09-25
CS1196,0,1559,23,2015-03-15,2011-08-02
CS1197,0,1180,17,2014-10-06,2011-05-29
CS1198,0,1571,22,2015-03-05,2011-07-09
CS1199,0,1344,20,2014-11-12,2011-06-28
CS1200,0,1667,21,2014-09-27,2011-06-03
CS1201,0,1375,19,2015-01-23,2011-09-27
CS1202,0,1331,20,2015-01-21,2011-11-25
CS1203,1,1536,21,2015-01-27,2011-06-15
CS1204,0,1023,17,2015-01-28,2011-07-28
CS1205,0,1103,17,2015-03-13,2011-05-19
CS1206,0,1514,24,2014-10-10,2011-05-24
CS1207,0,1310,18,2015-02-05,2011-11-28
CS1208,0,1000,15,2015-02-09,2011-06-23
CS1209,0,1809,27,2015-03-14,2011-06-19
CS1210,0,1546,21,2014-12-08,2011-05-20
CS1211,0,1218,18,2015-01-18,2011-09-09
CS1212,0,1200,17,2014-10-09,2011-06-05
CS1213,0,1191,18,2014-11-09,2011-10-02
CS1214,0,1289,19,2015-03-09,2011-08-03
CS1215,0,2362,35,2014-11-03,2011-09-08
CS1216,0,1798,24,2014-10-28,2011-05-28
CS1217,0,1431,20,2014-12-29,2011-05-22
CS1218,0,1687,24,2015-02-07,2011-06-17
CS1219,0,1447,21,2015-03-12,2011-11-24
CS1220,0,720,9,2015-02-24,2011-11-10
CS1221,0,1372,19,2014-10-04,2011-06-07
CS1222,0,1585,21,2015-01-30,2011-05-16
CS1223,0,1299,17,2015-01-22,2011-06-29
CS1224,0,578,8,2014-11-21,2011-08-23
CS1225,0,999,17,2015-01-28,2011-05-30
CS1226,0,1213,18,2015-01-21,2011-06-12
CS1227,0,1783,27,2015-02-19,2011-09-26
CS1228,0,1368,19,2015-01-29,2011-06-27
CS1229,0,1194,19,2015-02-17,2011-06-21
CS1230,0,1415,20,2015-03-11,2011-05-23
CS1231,0,1750,23,2014-10-13,2011-06-26
CS1232,0,1452,20,2014-12-11,2011-06-15
CS1233,1,1374,21,2014-11-21,2012-03-13
CS1234,0,1349,21,2015-03-12,2011-06-09
CS1235,1,1507,22,2014-10-26,2011-09-28
CS1236,0,1668,22,2015-02-02,2011-05-20
CS1237,0,1823,24,2014-08-28,2011-06-08
CS1238,0,1808,26,2015-02-24,2011-07-01
CS1239,0,771,11,2014-07-07,2011-11-23
CS1240,0,2126,30,2015-03-13,2011-08-12
CS1241,0,1818,27,2015-02-16,2011-05-21
CS1242,0,943,13,2015-01-16,2012-04-06
CS1243,0,1087,17,2015-02-06,2011-10-11
CS1244,0,1492,21,2014-10-26,2011-06-26
CS1245,0,1321,19,2015-01-03,2011-05-28
CS1246,0,1431,20,2014-05-25,2011-06-23
CS1247,1,1773,28,2015-02-16,2011-06-25
CS1248,0,1172,17,2015-03-07,2011-07-04
CS1249,0,1846,23,2014-12-17,2011-06-07
CS1250,0,1625,24,2015-03-04,2011-05-16
CS1251,0,1035,14,2015-03-14,2012-03-16
CS1252,0,1411,18,2014-11-29,2011-08-22
CS1253,1,1399,17,2015-01-01,2011-07-01
CS1254,0,1599,21,2015-03-13,2011-05-19
CS1255,0,1998,29,2015-01-08,2011-08-07
CS1256,0,1304,19,2014-08-15,2011-06-22
CS1257,0,1050,15,2015-02-19,2012-03-11
CS1258,0,1458,22,2015-02-19,2011-06-15
CS1259,1,1679,22,2014-09-29,2011-07-20
CS1260,0,1941,26,2014-10-21,2011-06-29
CS1261,0,1943,26,2014-12-19,2011-06-14
CS1262,0,1040,16,2014-12-22,2011-09-11
CS1263,0,1096,14,2015-03-13,2011-07-29
CS1264,0,959,12,2015-03-13,2011-07-26
CS1265,0,1128,14,2015-01-24,2011-10-24
CS1266,0,1076,15,2015-02-05,2011-09-22
CS1267,0,1812,26,2014-11-26,2011-06-09
CS1268,0,1946,27,2015-01-10,2011-07-16
CS1269,0,1272,19,2015-01-07,2011-07-20
CS1270,0,1990,27,2015-02-17,2011-05-17
CS1271,0,1683,25,2015-02-09,2011-07-27
CS1272,0,1279,19,2015-02-27,2011-06-06
CS1273,0,1800,25,2015-02-17,2011-08-25
CS1274,0,1381,20,2015-03-11,2011-06-10
CS1275,0,1321,18,2015-03-16,2011-12-28
CS1276,0,1505,21,2015-02-17,2011-05-28
CS1277,0,1142,17,2014-12-18,2011-06-10
CS1278,0,1572,22,2014-11-27,2011-06-02
CS1279,0,1411,21,2015-01-28,2011-06-09
CS1280,0,1262,21,2015-03-03,2011-05-18
CS1281,0,1715,23,2015-03-04,2011-05-28
CS1282,0,1014,15,2014-11-04,2011-10-21
CS1283,0,1683,22,2015-02-25,2011-07-16
CS1284,0,1836,24,2015-03-11,2011-08-21
CS1285,0,1778,24,2015-02-19,2011-05-24
CS1286,1,1511,21,2015-01-07,2011-07-07
CS1287,0,1440,20,2014-09-07,2011-06-27
CS1288,0,1125,17,2014-07-08,2011-06-13
CS1289,0,1355,19,2015-03-13,2011-08-02
CS1290,0,1625,20,2014-12-10,2011-07-21
CS1291,0,1006,15,2015-03-16,2011-11-20
CS1292,0,1307,18,2015-02-23,2011-10-21
CS1293,1,1625,21,2015-01-01,2011-05-27
CS1294,0,2129,30,2015-02-10,2011-06-04
CS1295,0,1487,22,2015-03-13,2011-06-29
CS1296,0,1505,21,2015-03-04,2011-05-25
CS1297,0,765,12,2015-01-11,2011-05-24
CS1298,0,1561,21,2015-01-31,2011-07-15
CS1299,1,1552,21,2014-12-06,2012-03-19
CS1300,0,1309,18,2015-03-09,2011-08-31
CS1301,0,1250,19,2015-02-19,2011-06-01
CS1302,0,1278,19,2015-02-14,2011-05-20
CS1303,1,1634,22,2015-02-02,2011-08-23
CS1304,0,874,15,2014-12-27,2011-08-02
CS1305,0,1031,16,2014-12-01,2011-09-23
CS1306,0,1153,15,2015-03-12,2012-01-21
CS1307,0,1220,18,2015-01-02,2011-10-04
CS1308,0,1487,21,2015-02-26,2011-08-21
CS1309,0,761,12,2015-01-11,2011-05-20
CS1310,1,1103,15,2014-11-16,2011-11-02
CS1311,0,1129,18,2015-02-10,2011-06-09
CS1312,1,1353,16,2015-02-26,2011-08-13
CS1313,0,2072,29,2015-03-05,2011-06-20
CS1314,0,891,13,2013-10-13,2011-11-14
CS1315,0,1030,15,2015-01-01,2012-05-10
CS1316,0,1726,26,2015-02-15,2011-05-17
CS1317,0,1146,16,2015-02-26,2012-05-25
CS1318,0,1693,22,2015-02-28,2011-07-09
CS1319,0,1161,18,2014-12-18,2011-09-26
CS1320,0,1382,18,2015-03-04,2011-07-24
CS1321,0,1668,21,2015-03-16,2011-09-15
CS1322,0,1964,26,2015-03-11,2011-08-29
CS1323,0,1595,23,2014-11-11,2011-05-27
CS1324,1,1611,24,2014-08-20,2011-11-13
CS1325,0,1209,18,2014-08-25,2011-06-09
CS1326,0,1940,27,2015-02-20,2011-06-04
CS1327,0,1525,23,2015-03-02,2011-12-12
CS1328,0,1043,15,2014-08-10,2011-08-08
CS1329,0,1158,17,2014-11-14,2011-07-14
CS1330,0,1750,23,2015-02-17,2011-08-30
CS1331,0,1170,15,2015-03-06,2011-06-07
CS1332,0,2010,29,2014-11-06,2011-06-16
CS1333,0,625,8,2015-01-29,2012-01-11
CS1334,0,1781,25,2014-12-27,2011-07-11
CS1335,0,1157,17,2014-11-15,2011-09-30
CS1336,0,1696,24,2014-11-28,2011-07-12
CS1337,0,1668,22,2015-02-08,2011-07-25
CS1338,0,1436,18,2015-02-25,2011-05-26
CS1339,0,1680,23,2015-01-16,2011-05-19
CS1340,0,1506,20,2014-11-10,2011-07-28
CS1341,0,1038,13,2015-01-07,2011-06-30
CS1342,0,1326,16,2015-03-15,2011-06-20
CS1343,0,1489,21,2015-01-08,2011-07-19
CS1344,1,1638,25,2015-02-20,2011-06-11
CS1345,0,1193,18,2014-12-06,2011-07-12
CS1346,0,1072,15,2014-09-30,2011-08-03
CS1347,0,2000,30,2015-03-12,2011-05-18
CS1348,0,1583,22,2015-01-17,2011-07-29
CS1349,0,1086,16,2015-02-28,2011-09-27
CS1350,1,1996,27,2015-02-12,2011-06-02
CS1351,0,1505,21,2014-11-14,2011-07-12
CS1352,0,1424,20,2015-02-04,2011-07-18
CS1353,0,1408,19,2014-08-23,2011-10-15
CS1354,0,1324,16,2014-02-02,2011-08-12
CS1355,1,1507,23,2015-01-27,2011-07-05
CS1356,0,1740,24,2014-12-26,2011-07-30
CS1357,0,1775,26,2014-10-14,2011-06-08
CS1358,0,1408,19,2015-03-05,2011-07-21
CS1359,0,1145,16,2015-02-24,2011-07-07
CS1360,0,1282,18,2015-02-02,2011-05-28
CS1361,0,1470,19,2015-02-27,2011-07-11
CS1362,0,1703,23,2015-03-10,2011-09-21
CS1363,0,1632,24,2014-08-27,2011-06-05
CS1364,0,1864,27,2015-01-09,2011-06-14
CS1365,0,1225,19,2015-02-27,2011-05-18
CS1366,0,1493,22,2015-02-17,2011-06-01
CS1367,0,2146,29,2015-01-08,2011-07-09
CS1368,0,960,15,2015-03-12,2011-07-05
CS1369,0,1746,25,2015-01-29,2011-06-14
CS1370,1,1864,26,2014-10-26,2011-10-12
CS1371,0,1496,22,2014-10-08,2011-05-17
CS1372,1,1412,19,2014-06-11,2011-06-24
CS1373,0,1967,30,2014-12-21,2011-07-02
CS1374,0,1357,19,2014-10-03,2011-06-07
CS1375,0,1165,17,2014-11-09,2011-09-07
CS1376,0,1512,25,2015-02-10,2011-10-01
CS1377,0,1505,18,2014-10-24,2011-06-24
CS1378,0,1671,25,2015-02-19,2011-09-25
CS1379,0,1134,15,2014-10-31,2011-05-29
CS1380,0,1857,26,2015-02-28,2011-08-28
CS1381,0,1449,22,2014-02-20,2011-05-22
CS1382,0,1845,25,2015-03-12,2011-08-30
CS1383,0,1878,25,2014-11-21,2011-05-29
CS1384,0,964,17,2015-03-04,2011-09-28
CS1385,1,1478,22,2015-03-11,2011-09-04
CS1386,0,998,14,2015-01-04,2011-09-30
CS1387,0,1238,18,2014-11-09,2011-05-17
CS1388,0,1275,19,2015-02-14,2011-07-29
CS1389,0,1189,18,2015-02-25,2011-05-20
CS1390,0,1210,19,2015-01-31,2011-07-11
CS1391,0,1584,25,2015-03-12,2011-05-17
CS1392,0,1227,17,2015-01-01,2011-06-23
CS1393,1,1437,19,2014-12-07,2011-06-14
CS1394,0,2046,28,2015-03-11,2011-06-11
CS1395,0,1704,22,2015-03-02,2011-05-19
CS1396,0,1852,25,2015-02-13,2011-05-25
CS1397,0,2156,30,2014-10-01,2011-06-30
CS1398,1,1354,20,2015-02-15,2011-08-23
CS1399,1,1832,26,2015-02-21,2011-11-03
CS1400,1,1193,18,2014-12-30,2011-06-24
CS1401,0,2023,30,2015-03-02,2011-12-13
CS1402,0,1660,22,2015-02-14,2011-06-04
CS1403,1,1652,22,2015-02-01,2011-11-09
CS1404,0,1900,28,2015-01-25,2011-05-20
CS1405,0,1943,26,2015-02-25,2011-08-03
CS1406,0,1842,27,2015-03-02,2011-05-20
CS1407,1,1916,28,2015-03-03,2011-09-26
CS1408,0,1214,17,2014-07-18,2011-09-17
CS1409,0,1464,24,2014-12-20,2011-08-21
CS1410,0,1160,15,2015-01-16,2011-07-07
CS1411,0,1222,17,2015-01-19,2011-06-05
CS1412,1,1599,22,2015-03-01,2011-05-19
CS1413,0,1396,19,2015-01-16,2011-06-22
CS1414,0,1437,20,2014-10-14,2011-05-31
CS1415,0,1752,27,2015-01-01,2011-07-02
CS1416,0,1513,20,2015-03-04,2011-07-07
CS1417,0,1076,15,2015-01-25,2011-07-12
CS1418,0,1053,14,2014-10-17,2011-10-14
CS1419,0,1915,27,2015-03-16,2011-08-23
CS1420,1,1923,25,2014-12-25,2011-06-15
CS1421,0,1896,27,2015-01-16,2011-05-25
CS1422,0,1211,15,2015-03-11,2011-11-24
CS1423,0,1182,20,2015-01-20,2011-07-12
CS1424,0,1753,24,2015-03-06,2011-06-29
CS1425,0,1688,23,2015-01-04,2011-07-31
CS1426,0,1538,21,2015-02-23,2011-06-25
CS1427,0,985,15,2015-03-09,2011-06-16
CS1428,1,1948,25,2014-12-21,2011-06-10
CS1429,0,1261,18,2014-11-04,2011-06-27
CS1430,0,1440,21,2015-03-03,2011-07-01
CS1431,0,1257,18,2015-03-04,2011-07-11
CS1432,0,1362,19,2015-03-13,2011-06-08
CS1433,0,1468,20,2015-02-05,2011-06-08
CS1434,0,1758,27,2015-03-05,2011-05-23
CS1435,0,1700,25,2015-01-29,2011-05-26
CS1436,0,977,14,2015-01-16,2011-05-17
CS1437,0,880,12,2015-02-16,2011-10-28
CS1438,0,1374,20,2015-02-08,2011-08-31
CS1439,0,1160,16,2015-02-10,2011-07-27
CS1440,0,1577,22,2014-12-05,2011-09-20
CS1441,0,1351,20,2015-01-07,2011-08-28
CS1442,0,1225,20,2015-03-08,2011-05-31
CS1443,1,1876,24,2015-01-22,2011-06-18
CS1444,0,1756,23,2015-02-09,2011-06-27
CS1445,0,1526,23,2015-03-14,2011-05-16
CS1446,0,991,15,2015-03-03,2011-06-19
CS1447,0,1001,14,2015-03-11,2011-11-04
CS1448,0,1239,16,2015-02-05,2011-06-07
CS1449,0,1402,20,2015-03-14,2011-07-15
CS1450,0,1251,20,2015-02-20,2011-05-22
CS1451,0,1715,22,2015-02-24,2011-06-09
CS1452,0,941,15,2014-11-28,2011-06-01
CS1453,0,1640,22,2014-11-04,2011-10-02
CS1454,0,1126,17,2015-02-24,2011-05-22
CS1455,0,1301,18,2015-03-14,2011-08-02
CS1456,0,1363,20,2014-08-24,2011-06-16
CS1457,0,929,15,2014-12-15,2011-06-24
CS1458,0,1422,20,2015-03-11,2011-08-14
CS1459,1,1627,24,2014-11-12,2011-07-16
CS1460,0,1185,18,2015-02-03,2011-07-11
CS1461,0,1567,23,2015-02-17,2011-05-19
CS1462,1,1616,24,2015-01-27,2011-09-05
CS1463,0,1807,27,2014-11-08,2011-06-01
CS1464,0,1613,21,2014-07-23,2011-12-07
CS1465,0,1631,22,2015-03-14,2011-06-24
CS1466,0,1190,17,2015-02-22,2011-07-19
CS1467,0,1233,18,2014-08-10,2011-06-27
CS1468,0,1412,21,2015-03-07,2011-08-11
CS1469,0,1387,19,2015-03-07,2011-08-06
CS1470,0,1649,22,2015-01-23,2012-02-03
CS1471,0,1325,20,2015-03-12,2011-07-23
CS1472,0,1241,19,2015-03-08,2011-06-03
CS1473,1,1695,25,2015-03-13,2011-08-23
CS1474,0,1487,21,2014-12-17,2011-06-15
CS1475,0,1197,18,2015-01-20,2011-05-24
CS1476,0,1430,20,2014-12-29,2011-08-01
CS1477,0,1185,18,2015-03-03,2011-05-25
CS1478,0,1300,19,2014-12-16,2011-05-25
CS1479,0,1567,20,2015-01-18,2011-07-09
CS1480,0,1251,17,2014-12-24,2011-05-19
CS1481,0,876,13,2013-12-23,2011-06-10
CS1482,0,732,12,2015-02-08,2011-10-22
CS1483,0,1774,24,2015-01-01,2011-09-12
CS1484,0,1221,16,2014-12-07,2011-06-06
CS1485,0,1814,25,2015-02-22,2011-06-23
CS1486,0,1377,19,2015-01-27,2011-05-19
CS1487,0,599,10,2015-02-16,2011-07-09
CS1488,0,1595,23,2015-03-03,2011-07-19
CS1489,0,950,15,2015-02-11,2011-11-18
CS1490,0,1788,25,2015-02-21,2011-06-06
CS1491,0,1244,17,2014-12-19,2011-05-31
CS1492,0,1358,19,2015-02-07,2011-08-10
CS1493,0,1531,21,2015-03-11,2011-11-21
CS1494,0,1502,21,2014-11-18,2011-05-26
CS1495,0,1138,17,2015-02-26,2011-06-01
CS1496,0,1222,18,2015-02-21,2011-07-07
CS1497,0,1445,20,2015-03-09,2011-08-08
CS1498,0,1519,22,2015-01-19,2011-09-02
CS1499,0,1879,26,2015-01-30,2011-08-09
CS1500,0,983,15,2014-10-03,2012-04-24
CS1501,0,1965,26,2015-02-09,2011-05-16
CS1502,0,1613,22,2015-03-11,2011-09-13
CS1503,0,1927,27,2015-03-15,2011-05-30
CS1504,0,825,13,2015-01-31,2011-05-24
CS1505,0,1703,25,2015-01-23,2011-06-01
CS1506,0,1307,18,2014-12-30,2011-07-08
CS1507,0,1280,21,2015-02-25,2011-05-18
CS1508,0,1933,28,2015-03-02,2011-10-15
CS1509,0,1383,20,2014-10-21,2011-05-25
CS1510,0,1792,26,2015-03-13,2011-06-10
CS1511,0,1253,18,2015-01-25,2011-05-26
CS1512,0,1239,20,2015-02-21,2012-01-14
CS1513,0,1444,22,2014-11-30,2011-08-27
CS1514,0,1046,16,2014-10-06,2011-08-27
CS1515,0,1742,22,2015-03-02,2011-05-18
CS1516,0,1308,18,2014-12-05,2011-07-09
CS1517,0,1168,18,2014-12-21,2011-06-29
CS1518,0,1151,19,2014-11-12,2011-06-13
CS1519,0,962,15,2015-03-05,2011-09-08
CS1520,0,1162,18,2015-03-13,2011-06-29
CS1521,0,671,9,2014-09-03,2011-08-22
CS1522,0,894,14,2014-12-10,2011-05-24
CS1523,0,928,15,2014-08-13,2011-06-21
CS1524,0,1075,17,2014-11-06,2011-12-28
CS1525,0,1215,17,2015-02-17,2011-05-21
CS1526,0,1324,19,2015-02-13,2011-06-24
CS1527,0,1187,19,2015-03-03,2011-06-29
CS1528,0,1660,24,2015-03-13,2011-08-12
CS1529,0,1823,25,2015-03-07,2011-06-25
CS1530,0,626,10,2014-07-08,2011-06-15
CS1531,0,1793,25,2015-02-09,2011-08-14
CS1532,0,1140,17,2014-06-06,2011-08-03
CS1533,0,1606,23,2015-02-01,2011-09-12
CS1534,0,1379,20,2015-01-07,2011-06-05
CS1535,0,1904,24,2014-12-23,2011-07-14
CS1536,0,753,12,2015-02-09,2011-07-04
CS1537,0,1323,20,2015-03-11,2011-06-24
CS1538,0,1304,19,2015-03-14,2011-08-27
CS1539,1,1371,20,2015-02-19,2011-07-13
CS1540,0,1199,19,2015-02-06,2011-06-13
CS1541,1,2273,30,2014-10-26,2011-11-28
CS1542,0,1808,27,2014-09-27,2011-06-24
CS1543,0,948,12,2015-03-15,2011-08-31
CS1544,1,1334,19,2015-01-22,2011-06-25
CS1545,0,1935,28,2015-02-23,2011-07-01
CS1546,0,1436,18,2014-08-29,2011-06-11
CS1547,0,1600,22,2015-02-19,2011-06-22
CS1548,0,1755,23,2015-02-27,2011-06-12
CS1549,0,1393,20,2015-02-19,2011-12-13
CS1550,0,1583,22,2015-01-25,2011-07-25
CS1551,0,1300,18,2014-12-05,2011-06-27
CS1552,0,1604,22,2015-02-14,2011-12-11
CS1553,1,1444,20,2014-09-10,2011-05-20
CS1554,0,993,17,2014-10-26,2011-06-21
CS1555,0,1571,23,2015-01-13,2011-06-19
CS1556,0,1031,13,2015-02-22,2013-01-02
CS1557,0,1992,30,2015-02-03,2011-08-07
CS1558,0,1500,23,2015-02-25,2011-08-19
CS1559,0,1613,20,2015-03-10,2011-09-10
CS1560,0,1352,18,2015-01-26,2011-08-11
CS1561,0,1082,15,2015-03-15,2011-09-29
CS1562,0,711,12,2014-03-03,2011-08-06
CS1563,0,1108,17,2014-02-05,2011-06-27
CS1564,0,1304,16,2015-02-26,2011-08-22
CS1565,0,1147,17,2014-11-16,2011-05-27
CS1566,1,1491,21,2014-09-07,2011-05-21
CS1567,1,1465,19,2015-02-23,2011-05-22
CS1568,0,1604,20,2015-02-11,2011-05-31
CS1569,0,1074,15,2015-02-19,2011-09-28
CS1570,0,1782,25,2014-12-04,2011-06-27
CS1571,0,1503,20,2015-02-13,2011-06-06
CS1572,0,1085,15,2015-02-10,2011-07-02
CS1573,0,1539,19,2015-02-01,2011-07-07
CS1574,0,1018,18,2015-03-09,2011-05-27
CS1575,0,1611,26,2015-01-29,2011-08-30
CS1576,0,1074,16,2014-12-13,2011-11-21
CS1577,0,1525,21,2015-02-25,2011-06-14
CS1578,0,1125,16,2014-12-18,2011-06-05
CS1579,0,1433,20,2015-02-18,2011-06-07
CS1580,1,2329,33,2014-09-07,2011-07-12
CS1581,0,1501,23,2015-02-07,2011-06-12
CS1582,1,2009,27,2015-02-26,2011-05-23
CS1583,0,1919,25,2015-02-15,2011-06-14
CS1584,0,1512,21,2015-03-02,2011-07-07
CS1585,0,1167,19,2014-12-13,2011-08-05
CS1586,0,1441,20,2015-01-02,2011-06-26
CS1587,0,1900,27,2015-02-07,2011-05-19
CS1588,0,1591,25,2015-03-07,2011-05-17
CS1589,0,1151,15,2015-03-01,2011-07-11
CS1590,0,964,16,2014-10-13,2011-06-05
CS1591,0,1144,18,2014-10-13,2011-08-12
CS1592,0,1215,19,2015-02-10,2011-07-18
CS1593,0,1406,20,2015-02-20,2011-10-03
CS1594,0,901,13,2015-02-21,2011-07-05
CS1595,0,648,10,2014-11-30,2011-08-07
CS1596,0,1342,19,2015-02-26,2011-07-01
CS1597,0,1611,23,2015-01-09,2011-06-06
CS1598,0,1289,20,2015-02-05,2011-05-31
CS1599,0,1028,15,2015-01-18,2011-07-21
CS1600,0,1331,20,2015-02-25,2011-06-14
CS1601,0,1787,27,2014-12-27,2011-06-16
CS1602,0,1401,20,2015-02-18,2011-08-29
CS1603,0,1374,19,2014-11-11,2011-07-15
CS1604,0,1950,28,2015-03-01,2011-05-25
CS1605,0,1685,27,2015-02-28,2011-07-05
CS1606,0,781,13,2015-03-14,2012-01-13
CS1607,0,1384,19,2015-01-14,2011-05-29
CS1608,0,973,14,2015-01-26,2011-06-02
CS1609,0,1375,20,2014-10-30,2011-07-17
CS1610,0,1326,19,2015-02-12,2011-05-18
CS1611,0,1794,23,2014-07-01,2011-06-05
CS1612,0,1759,26,2015-02-25,2011-05-20
CS1613,0,1347,21,2014-11-09,2011-06-06
CS1614,0,1568,22,2015-03-06,2011-06-25
CS1615,1,1419,20,2015-03-13,2011-10-25
CS1616,0,1434,19,2015-03-06,2011-06-14
CS1617,0,1784,27,2014-12-02,2011-09-02
CS1618,0,887,13,2014-09-22,2011-09-06
CS1619,1,1323,21,2015-03-05,2011-07-16
CS1620,0,1320,16,2014-05-20,2012-04-04
CS1621,0,1894,26,2015-02-23,2011-12-14
CS1622,1,1360,20,2015-03-16,2011-06-14
CS1623,0,1777,26,2015-02-28,2011-09-07
CS1624,0,1832,25,2015-02-05,2011-06-27
CS1625,0,950,14,2015-03-11,2011-08-29
CS1626,0,1172,17,2015-01-14,2011-07-04
CS1627,0,1043,16,2014-12-29,2011-08-04
CS1628,0,1456,21,2015-02-23,2011-06-12
CS1629,0,1394,22,2015-03-13,2011-09-12
CS1630,0,1393,20,2015-03-15,2011-06-10
CS1631,0,1223,18,2015-02-03,2011-07-29
CS1632,0,1187,17,2015-03-08,2011-09-28
CS1633,0,1763,26,2015-02-26,2011-07-03
CS1634,0,1044,15,2015-03-02,2011-06-26
CS1635,1,1573,23,2014-12-10,2011-07-09
CS1636,0,1347,19,2015-01-07,2011-06-13
CS1637,0,1496,22,2015-02-22,2011-08-26
CS1638,0,1035,15,2014-07-29,2011-06-30
CS1639,0,1619,23,2015-03-04,2012-02-22
CS1640,0,1232,19,2015-01-15,2011-09-05
CS1641,0,1232,17,2015-03-08,2011-07-21
CS1642,0,1672,24,2015-02-10,2011-08-08
CS1643,0,2087,27,2015-02-22,2011-10-25
CS1644,0,1542,22,2014-12-31,2011-05-24
CS1645,0,1412,19,2014-07-16,2011-05-20
CS1646,0,1185,17,2015-02-17,2011-07-13
CS1647,0,1401,21,2015-02-28,2011-09-24
CS1648,0,1776,24,2014-11-20,2011-05-24
CS1649,0,1197,16,2015-01-27,2011-05-21
CS1650,1,1832,24,2014-11-23,2011-06-01
CS1651,0,927,13,2014-12-02,2011-06-27
CS1652,0,1726,26,2015-03-15,2011-08-28
CS1653,1,1986,26,2014-11-19,2011-05-28
CS1654,0,1384,19,2014-12-16,2011-09-05
CS1655,0,955,14,2015-02-16,2011-06-10
CS1656,0,966,14,2015-01-24,2011-12-20
CS1657,0,1105,18,2014-11-11,2011-05-23
CS1658,0,1389,20,2015-02-15,2011-06-04
CS1659,0,1311,19,2015-02-01,2011-07-02
CS1660,0,1745,24,2015-02-24,2011-07-19
CS1661,1,2051,32,2015-02-17,2011-06-16
CS1662,0,1033,17,2015-02-22,2011-06-07
CS1663,1,1487,23,2014-12-10,2011-08-26
CS1664,0,1954,25,2015-03-03,2011-08-21
CS1665,0,1033,16,2014-10-12,2011-05-31
CS1666,0,1385,18,2015-01-25,2011-07-23
CS1667,0,1313,20,2015-01-02,2011-08-05
CS1668,0,1227,17,2015-01-26,2011-06-09
CS1669,1,1105,15,2015-03-01,2012-10-14
CS1670,0,1191,16,2014-12-25,2011-05-28
CS1671,1,1246,17,2014-12-22,2011-07-25
CS1672,0,1110,15,2014-11-05,2011-07-08
CS1673,0,1784,26,2015-01-21,2011-06-12
CS1674,0,1088,17,2015-01-21,2011-09-07
CS1675,0,2124,28,2015-02-06,2011-07-17
CS1676,1,2088,28,2015-01-09,2011-05-24
CS1677,1,1439,21,2015-01-11,2011-08-15
CS1678,0,1230,18,2014-12-31,2011-08-10
CS1679,0,1976,28,2015-03-09,2011-05-24
CS1680,0,1151,18,2015-01-27,2011-05-23
CS1681,0,1467,21,2014-11-23,2011-05-21
CS1682,0,1075,15,2014-11-10,2011-05-28
CS1683,0,1245,17,2015-03-02,2011-06-30
CS1684,0,1241,18,2015-01-07,2011-11-10
CS1685,0,1569,22,2014-08-13,2011-09-21
CS1686,0,1647,24,2015-01-08,2011-06-16
CS1687,0,1656,22,2015-02-20,2011-06-12
CS1688,0,1167,17,2014-11-05,2011-07-20
CS1689,1,993,16,2015-01-01,2011-07-09
CS1690,0,1354,19,2015-02-21,2011-06-26
CS1691,1,1523,20,2015-01-02,2011-05-19
CS1692,0,1592,23,2015-03-15,2011-06-30
CS1693,0,908,12,2015-03-01,2011-06-29
CS1694,0,1330,22,2015-01-10,2011-10-05
CS1695,0,2174,32,2014-12-13,2011-05-26
CS1696,1,1325,19,2014-11-07,2011-11-21
CS1697,0,1082,15,2014-11-29,2011-08-25
CS1698,0,1397,19,2015-03-11,2012-01-06
CS1699,0,1261,18,2015-02-28,2011-06-15
CS1700,0,1186,17,2014-07-12,2011-09-14
CS1701,0,1190,18,2014-09-19,2011-07-24
CS1702,0,1028,17,2015-02-18,2011-09-01
CS1703,1,890,15,2015-01-06,2012-04-26
CS1704,0,1484,22,2015-02-26,2011-07-02
CS1705,1,1553,21,2014-12-28,2011-05-28
CS1706,0,1681,23,2015-02-14,2011-10-15
CS1707,0,1627,22,2015-02-03,2011-05-16
CS1708,1,1790,25,2015-02-04,2011-06-29
CS1709,1,1629,23,2014-10-08,2011-05-28
CS1710,0,1577,22,2014-06-24,2011-07-19
CS1711,0,1548,23,2014-12-21,2011-07-05
CS1712,0,1411,21,2014-11-16,2011-05-17
CS1713,0,1495,19,2015-03-07,2011-05-28
CS1714,0,1248,16,2015-03-16,2011-09-23
CS1715,0,1314,20,2015-01-28,2011-07-06
CS1716,0,440,6,2014-03-29,2011-11-02
CS1717,0,963,14,2015-01-26,2011-12-29
CS1718,0,1284,18,2014-12-29,2012-02-17
CS1719,0,1166,17,2015-02-09,2011-08-25
CS1720,0,1104,17,2015-03-16,2012-02-17
CS1721,0,1687,24,2015-02-24,2011-06-07
CS1722,0,1320,19,2015-03-02,2011-05-17
CS1723,0,1146,17,2015-02-09,2012-06-12
CS1724,0,1223,18,2015-02-15,2011-07-25
CS1725,0,1778,27,2015-01-16,2011-06-05
CS1726,0,1529,23,2015-02-17,2011-06-14
CS1727,0,1702,25,2015-03-05,2011-05-22
CS1728,0,1896,26,2014-11-30,2011-06-08
CS1729,0,1567,24,2015-03-03,2011-08-07
CS1730,0,1260,19,2014-11-05,2011-11-24
CS1731,0,1145,17,2015-03-02,2011-08-10
CS1732,0,1353,18,2015-02-19,2011-08-31
CS1733,0,1506,20,2014-11-06,2011-10-09
CS1734,0,1235,18,2014-09-07,2011-09-20
CS1735,0,952,14,2015-03-03,2011-07-21
CS1736,1,1653,24,2014-12-23,2011-08-22
CS1737,0,1737,23,2014-12-16,2011-08-05
CS1738,0,1337,20,2015-02-09,2011-09-22
CS1739,0,1199,17,2015-01-27,2011-07-08
CS1740,1,1902,25,2015-02-05,2011-05-17
CS1741,0,1264,19,2014-10-20,2011-05-26
CS1742,1,1326,19,2015-01-05,2011-09-28
CS1743,0,1405,17,2014-09-29,2011-06-10
CS1744,0,1066,14,2015-03-03,2011-10-05
CS1745,0,1615,22,2015-02-20,2011-05-23
CS1746,1,1878,26,2014-06-15,2011-05-19
CS1747,0,1099,17,2015-03-12,2011-05-16
CS1748,0,1498,22,2015-03-14,2011-11-16
CS1749,0,1174,17,2015-02-27,2011-11-08
CS1750,0,1543,22,2015-03-04,2011-05-21
CS1751,0,1504,23,2015-01-26,2011-05-23
CS1752,0,1656,22,2015-02-27,2011-08-05
CS1753,0,1180,18,2014-12-20,2011-07-14
CS1754,0,1177,17,2014-12-28,2011-05-20
CS1755,0,1164,17,2014-12-20,2011-06-19
CS1756,0,1176,18,2014-07-24,2011-05-17
CS1757,1,2238,31,2014-12-26,2011-06-17
CS1758,0,1337,20,2015-01-10,2011-06-04
CS1759,1,1654,24,2014-11-29,2011-08-28
CS1760,1,1570,21,2015-01-13,2011-06-06
CS1761,0,1144,16,2015-03-15,2011-09-23
CS1762,0,1027,14,2014-12-14,2011-06-19
CS1763,0,1689,24,2015-02-16,2011-05-25
CS1764,1,1085,15,2015-02-09,2012-05-22
CS1765,0,1079,14,2014-12-22,2011-10-18
CS1766,0,1067,19,2014-11-16,2011-05-23
CS1767,0,1674,26,2015-02-12,2011-06-05
CS1768,1,1794,25,2014-12-11,2011-05-24
CS1769,0,1356,20,2014-09-17,2011-07-20
CS1770,0,1734,25,2015-03-10,2011-09-01
CS1771,0,1337,19,2015-03-04,2011-12-26
CS1772,1,1348,18,2015-01-22,2011-06-06
CS1773,0,1442,22,2014-12-20,2011-05-27
CS1774,0,1756,25,2015-03-12,2011-07-13
CS1775,0,848,13,2015-01-22,2011-08-29
CS1776,0,1782,25,2015-01-17,2011-05-17
CS1777,0,1044,14,2014-12-27,2011-12-23
CS1778,0,1368,19,2015-02-13,2011-05-16
CS1779,0,1086,16,2015-03-02,2011-06-10
CS1780,0,1265,19,2015-03-07,2011-06-16
CS1781,0,2131,29,2014-09-08,2011-05-20
CS1782,0,1174,17,2014-12-30,2011-06-26
CS1783,0,1210,17,2014-12-08,2011-06-06
CS1784,0,993,15,2014-11-17,2011-05-17
CS1785,1,2103,29,2015-02-26,2011-07-06
CS1786,0,2218,31,2015-02-09,2011-10-06
CS1787,0,1443,22,2015-03-05,2011-06-22
CS1788,0,1548,24,2014-10-13,2011-05-28
CS1789,0,1192,16,2015-03-01,2011-08-20
CS1790,0,1241,18,2014-09-17,2011-06-04
CS1791,0,1607,21,2015-03-16,2011-05-16
CS1792,0,1179,17,2015-01-03,2011-07-22
CS1793,0,1035,17,2015-02-28,2011-06-02
CS1794,0,1764,24,2015-03-16,2011-08-11
CS1795,0,1331,17,2014-11-06,2011-05-16
CS1796,0,1462,20,2015-01-31,2011-07-05
CS1797,0,1393,23,2015-01-25,2011-06-16
CS1798,0,1826,27,2014-12-07,2011-10-28
CS1799,0,966,14,2015-02-03,2011-11-23
CS1800,0,1053,16,2015-03-14,2011-05-17
CS1801,0,994,15,2014-11-24,2011-09-15
CS1802,0,1913,27,2015-03-06,2011-08-30
CS1803,1,1562,21,2014-11-09,2011-06-19
CS1804,0,1247,19,2015-02-05,2011-05-25
CS1805,1,2076,31,2015-02-20,2011-07-29
CS1806,0,1025,15,2015-01-30,2011-10-21
CS1807,0,1732,26,2015-01-24,2011-10-09
CS1808,0,851,14,2014-12-16,2011-08-04
CS1809,0,1500,21,2015-02-16,2011-05-29
CS1810,0,1165,16,2015-02-02,2011-08-10
CS1811,0,1425,18,2015-02-28,2011-09-16
CS1812,0,1783,27,2015-03-11,2011-05-30
CS1813,0,1757,25,2014-11-21,2011-07-22
CS1814,0,1462,21,2014-10-30,2011-07-04
CS1815,0,959,14,2015-02-05,2011-05-26
CS1816,0,1723,22,2015-02-09,2011-06-10
CS1817,0,1315,18,2015-02-26,2011-06-18
CS1818,0,1674,22,2015-02-25,2011-09-03
CS1819,0,1867,26,2015-02-07,2011-07-12
CS1820,0,1898,25,2015-01-31,2011-06-05
CS1821,0,1418,20,2014-08-01,2011-06-04
CS1822,0,921,13,2015-02-16,2011-05-28
CS1823,0,1198,16,2015-02-04,2011-12-09
CS1824,0,1271,17,2015-03-08,2011-08-23
CS1825,0,1734,23,2015-03-03,2011-12-08
CS1826,1,1072,15,2015-01-03,2011-10-01
CS1827,0,1680,24,2015-03-04,2011-05-27
CS1828,0,1154,16,2015-01-26,2011-06-13
CS1829,0,1454,19,2015-02-26,2011-08-13
CS1830,0,1175,17,2014-12-08,2011-05-22
CS1831,0,1759,26,2015-03-02,2011-05-22
CS1832,1,1796,25,2014-12-03,2011-10-06
CS1833,0,1139,18,2015-01-08,2011-06-20
CS1834,0,787,13,2014-01-05,2011-07-29
CS1835,0,1389,19,2015-02-03,2011-08-25
CS1836,0,1905,26,2014-06-26,2011-08-09
CS1837,0,1469,19,2015-02-02,2011-07-31
CS1838,0,1409,21,2015-03-06,2011-06-01
CS1839,1,1123,16,2014-10-03,2011-12-26
CS1840,0,1183,19,2015-02-04,2011-05-26
CS1841,0,1110,17,2015-03-03,2011-08-25
CS1842,0,1568,21,2015-03-13,2011-07-08
CS1843,0,1432,20,2015-03-14,2011-11-20
CS1844,0,1452,22,2015-02-26,2011-11-25
CS1845,0,938,13,2014-07-20,2011-05-23
CS1846,0,1812,26,2014-12-20,2011-07-30
CS1847,0,1576,22,2015-01-25,2011-06-04
CS1848,0,1279,17,2014-12-26,2011-06-24
CS1849,0,716,11,2015-03-07,2011-05-16
CS1850,0,1908,24,2015-03-09,2011-08-02
CS1851,0,1444,21,2015-02-14,2011-06-07
CS1852,0,1020,14,2014-12-04,2011-09-06
CS1853,0,1212,17,2015-01-11,2011-12-21
CS1854,0,1686,22,2014-11-27,2011-06-12
CS1855,0,1256,19,2014-11-29,2011-06-04
CS1856,0,1063,17,2015-02-28,2012-01-05
CS1857,0,1717,25,2015-03-09,2011-08-21
CS1858,0,1389,21,2015-01-08,2011-05-22
CS1859,0,1198,19,2015-02-10,2011-12-19
CS1860,0,1062,16,2015-03-09,2012-03-05
CS1861,0,1376,20,2015-03-08,2011-05-29
CS1862,0,1634,24,2014-12-29,2011-07-24
CS1863,0,1635,23,2015-02-09,2011-06-26
CS1864,0,1992,27,2015-02-25,2011-06-10
CS1865,1,2245,31,2014-12-10,2011-07-07
CS1866,0,1890,25,2014-11-23,2011-05-24
CS1867,0,1271,20,2015-01-09,2011-07-24
CS1868,0,1048,16,2015-01-09,2011-05-29
CS1869,0,868,14,2015-02-05,2011-05-21
CS1870,1,1472,24,2015-02-01,2011-08-18
CS1871,0,1449,20,2014-10-26,2011-06-12
CS1872,0,1416,20,2015-02-23,2011-06-07
CS1873,0,1128,16,2015-01-20,2011-07-29
CS1874,0,1054,16,2015-03-02,2011-12-06
CS1875,0,1481,19,2015-02-20,2011-06-09
CS1876,0,1491,21,2015-02-18,2011-10-31
CS1877,0,1681,25,2014-12-14,2011-06-24
CS1878,1,1775,23,2014-11-12,2011-06-18
CS1879,0,1160,18,2015-01-23,2011-07-16
CS1880,0,1278,18,2014-11-07,2011-05-19
CS1881,1,902,13,2014-10-09,2012-01-30
CS1882,0,673,9,2015-01-19,2011-08-29
CS1883,0,1117,15,2015-01-25,2011-06-29
CS1884,0,802,13,2015-02-08,2011-07-18
CS1885,0,1781,24,2015-03-14,2011-10-20
CS1886,0,1157,18,2014-11-30,2011-09-09
CS1887,0,1506,19,2015-01-12,2011-08-27
CS1888,0,1739,23,2015-02-05,2011-06-30
CS1889,0,717,11,2015-02-27,2011-07-01
CS1890,0,1591,23,2015-03-03,2011-09-15
CS1891,0,927,14,2014-05-11,2011-05-31
CS1892,0,1334,18,2015-01-30,2011-06-15
CS1893,0,1262,19,2014-12-24,2011-07-17
CS1894,0,1456,21,2015-03-03,2011-05-20
CS1895,1,1357,19,2014-11-06,2011-08-08
CS1896,0,874,12,2014-09-26,2011-07-06
CS1897,0,1491,21,2015-01-02,2011-09-04
CS1898,0,1470,19,2014-12-28,2011-10-11
CS1899,0,729,11,2015-02-20,2011-07-10
CS1900,1,1737,24,2014-11-19,2011-10-20
CS1901,0,1620,22,2014-10-01,2011-06-02
CS1902,0,1109,15,2015-02-13,2011-11-22
CS1903,0,1826,25,2015-03-10,2011-05-19
CS1904,0,1275,18,2014-11-14,2011-06-05
CS1905,1,1551,24,2015-03-02,2011-06-03
CS1906,0,2012,28,2015-02-12,2011-06-09
CS1907,1,1423,20,2015-01-14,2011-06-29
CS1908,0,1833,27,2014-12-01,2011-07-25
CS1909,0,1255,17,2015-03-03,2011-07-05
CS1910,0,1142,16,2015-01-01,2012-02-21
CS1911,0,1667,24,2015-03-05,2011-08-08
CS1912,0,1510,23,2015-03-14,2011-06-17
CS1913,0,959,16,2015-02-13,2011-07-07
CS1914,1,1254,18,2015-02-19,2011-12-29
CS1915,0,497,6,2014-09-15,2012-08-05
CS1916,0,1700,23,2015-03-08,2011-06-24
CS1917,0,1028,17,2014-11-23,2011-05-24
CS1918,0,871,13,2014-10-17,2011-05-18
CS1919,1,1256,20,2014-03-18,2011-06-25
CS1920,0,1939,28,2015-01-26,2011-05-25
CS1921,0,2011,26,2015-01-24,2011-07-23
CS1922,0,1418,20,2015-01-24,2012-01-08
CS1923,1,2130,30,2014-12-29,2011-07-05
CS1924,0,1774,25,2015-02-14,2011-06-19
CS1925,0,2000,28,2015-03-12,2011-05-17
CS1926,0,1511,22,2014-11-19,2011-09-24
CS1927,0,1220,19,2014-11-25,2011-05-19
CS1928,0,798,14,2015-03-09,2011-07-24
CS1929,0,1095,16,2015-01-31,2011-06-12
CS1930,0,1559,22,2014-12-10,2011-06-05
CS1931,0,1236,19,2014-11-08,2011-07-16
CS1932,0,1538,21,2014-10-24,2011-08-29
CS1933,0,1568,23,2015-01-30,2011-06-14
CS1934,0,1262,18,2015-01-31,2011-06-22
CS1935,0,1517,21,2015-01-31,2011-05-21
CS1936,0,1080,15,2014-12-24,2011-08-28
CS1937,0,1231,18,2014-11-29,2011-06-01
CS1938,0,1636,22,2015-02-21,2011-05-27
CS1939,0,1297,19,2014-09-20,2011-06-05
CS1940,0,1800,25,2014-07-07,2011-05-28
CS1941,0,1044,15,2015-03-02,2011-06-23
CS1942,0,1308,18,2014-12-17,2011-06-22
CS1943,0,1459,20,2015-03-10,2011-09-09
CS1944,0,1399,20,2015-02-27,2012-01-27
CS1945,1,1527,21,2015-01-25,2011-11-25
CS1946,0,1581,22,2015-03-06,2011-06-16
CS1947,0,1400,20,2014-12-18,2011-05-28
CS1948,0,1230,17,2015-01-21,2011-05-23
CS1949,0,1989,26,2015-01-21,2011-05-17
CS1950,0,1853,23,2015-03-15,2011-08-04
CS1951,0,1331,20,2014-11-22,2011-05-29
CS1952,0,1397,18,2014-12-10,2011-06-02
CS1953,0,1534,20,2015-03-07,2011-06-29
CS1954,0,1549,21,2015-03-11,2011-09-08
CS1955,0,1361,20,2015-02-12,2011-07-30
CS1956,0,1131,16,2014-08-27,2011-06-08
CS1957,0,1698,23,2015-01-07,2011-06-09
CS1958,1,987,16,2014-11-29,2011-08-22
CS1959,1,1537,22,2014-11-15,2011-06-22
CS1960,0,1424,19,2015-03-06,2011-12-13
CS1961,0,1102,15,2015-02-19,2011-07-19
CS1962,0,1062,14,2014-07-13,2011-06-08
CS1963,0,1352,19,2015-03-09,2011-09-23
CS1964,1,1499,24,2015-03-01,2011-07-16
CS1965,0,1182,17,2014-11-04,2011-06-01
CS1966,0,1159,16,2015-02-23,2011-10-22
CS1967,0,1279,18,2015-02-05,2011-10-18
CS1968,0,1429,22,2015-03-04,2012-01-09
CS1969,0,1851,29,2015-02-04,2011-08-26
CS1970,0,1133,15,2015-03-12,2011-08-08
CS1971,0,1130,16,2015-02-05,2011-12-14
CS1972,0,1630,22,2015-02-18,2011-07-23
CS1973,0,664,10,2014-11-08,2011-08-06
CS1974,0,1447,21,2014-09-19,2011-06-12
CS1975,0,1974,27,2014-12-21,2011-06-17
CS1976,0,1036,14,2015-03-15,2011-09-01
CS1977,0,1299,18,2015-02-26,2011-12-14
CS1978,0,2220,31,2014-12-31,2011-08-06
CS1979,0,1145,17,2014-11-12,2011-06-04
CS1980,0,1583,22,2015-02-27,2011-07-06
CS1981,0,1298,17,2015-03-09,2011-05-21
CS1982,0,2354,32,2015-02-20,2011-08-04
CS1983,0,1070,15,2014-07-23,2012-02-22
CS1984,0,1043,15,2014-05-13,2011-06-17
CS1985,0,1411,20,2015-01-20,2011-05-29
CS1986,0,1148,17,2015-02-15,2011-07-12
CS1987,0,1720,24,2015-02-10,2011-06-09
CS1988,0,1569,23,2015-03-10,2011-07-16
CS1989,1,1286,19,2015-03-07,2011-05-21
CS1990,0,1276,18,2015-01-22,2011-10-07
CS1991,0,1677,22,2015-03-15,2011-06-01
CS1992,1,1408,18,2015-02-13,2011-08-25
CS1993,0,1164,19,2014-09-22,2011-07-12
CS1994,0,1115,16,2014-11-09,2011-06-02
CS1995,1,1490,23,2014-09-30,2011-06-20
CS1996,1,2038,28,2015-01-17,2011-07-25
CS1997,0,1153,17,2014-11-01,2011-07-02
CS1998,0,1779,25,2015-02-23,2011-06-21
CS1999,0,1002,14,2015-03-09,2011-10-06
CS2000,0,1395,21,2015-01-07,2011-10-13
CS2001,0,1280,21,2014-11-11,2011-05-31
CS2002,1,1419,19,2015-01-23,2011-12-11
CS2003,0,1687,24,2015-01-04,2011-08-29
CS2004,0,1444,20,2015-02-01,2011-06-06
CS2005,0,1662,24,2015-02-15,2011-08-01
CS2006,0,1114,15,2015-01-06,2011-07-12
CS2007,0,1331,18,2015-01-22,2011-09-21
CS2008,1,1442,21,2015-03-05,2011-06-06
CS2009,0,943,12,2015-03-11,2011-06-06
CS2010,0,1076,17,2014-11-27,2011-07-25
CS2011,0,1078,14,2013-10-17,2011-05-29
CS2012,0,862,11,2014-11-27,2011-06-13
CS2013,0,1177,18,2015-01-20,2011-06-17
CS2014,0,871,11,2015-03-03,2011-05-16
CS2015,0,1542,21,2014-12-15,2011-09-18
CS2016,0,1595,21,2014-12-11,2011-07-24
CS2017,0,1286,20,2014-09-28,2011-05-17
CS2018,0,1404,19,2015-02-11,2011-07-05
CS2019,0,1390,19,2015-03-03,2011-06-07
CS2020,0,1331,18,2014-11-06,2011-09-11
CS2021,0,1211,16,2014-07-05,2011-05-25
CS2022,0,1981,26,2015-02-15,2011-08-30
CS2023,0,1212,17,2015-01-21,2011-12-24
CS2024,0,1176,17,2014-09-25,2011-10-10
CS2025,0,1252,17,2014-12-25,2011-08-12
CS2026,1,1907,28,2015-03-14,2011-06-20
CS2027,0,1648,25,2015-03-13,2011-08-13
CS2028,0,891,14,2014-12-24,2011-05-23
CS2029,0,1046,17,2014-10-30,2011-05-22
CS2030,0,1674,25,2015-02-20,2011-06-01
CS2031,0,1737,24,2015-02-07,2011-07-02
CS2032,0,1289,19,2014-10-24,2011-06-30
CS2033,0,571,9,2014-08-31,2011-08-24
CS2034,0,1447,21,2014-08-28,2011-05-29
CS2035,0,1344,19,2015-02-26,2011-05-17
CS2036,0,1827,26,2015-02-01,2011-10-09
CS2037,0,1663,24,2014-07-19,2011-06-01
CS2038,0,1523,21,2015-01-26,2011-08-11
CS2039,1,1302,18,2015-02-06,2011-08-21
CS2040,0,1347,22,2015-03-15,2011-08-07
CS2041,0,1301,20,2014-08-12,2011-06-01
CS2042,0,1643,23,2015-01-21,2011-08-04
CS2043,0,1420,21,2015-01-06,2011-06-19
CS2044,0,1219,20,2015-02-01,2011-08-17
CS2045,0,1460,20,2015-01-09,2011-06-19
CS2046,0,987,13,2015-03-09,2011-06-03
CS2047,0,1611,23,2015-02-15,2011-08-21
CS2048,0,1677,22,2015-02-24,2011-07-12
CS2049,0,1447,22,2014-11-12,2011-05-29
CS2050,0,1188,17,2015-03-04,2011-08-27
CS2051,0,1585,20,2014-12-09,2011-06-06
CS2052,0,1626,22,2015-02-27,2011-06-04
CS2053,1,1494,20,2015-03-04,2011-06-19
CS2054,0,1074,15,2015-01-30,2011-05-20
CS2055,0,1983,29,2015-02-03,2011-06-29
CS2056,0,1577,23,2015-01-22,2011-09-06
CS2057,0,1238,17,2015-02-23,2011-12-01
CS2058,0,1776,26,2015-03-05,2011-07-28
CS2059,0,1806,25,2014-11-23,2011-06-04
CS2060,0,1089,18,2014-11-21,2011-05-16
CS2061,0,1615,22,2015-03-13,2011-06-08
CS2062,0,795,13,2014-10-28,2011-08-30
CS2063,1,1091,16,2014-11-17,2011-05-27
CS2064,1,1111,16,2014-11-05,2011-07-04
CS2065,0,1069,17,2015-03-07,2012-02-13
CS2066,0,975,15,2014-10-23,2011-07-15
CS2067,0,1341,20,2014-09-25,2011-07-19
CS2068,0,1073,15,2015-01-23,2011-06-02
CS2069,0,1397,21,2014-12-02,2011-07-26
CS2070,0,1354,19,2015-02-17,2011-06-05
CS2071,0,1147,16,2015-02-21,2011-07-24
CS2072,0,1712,24,2015-03-09,2011-11-12
CS2073,0,1511,21,2015-02-09,2011-06-13
CS2074,0,1241,17,2015-03-15,2011-08-04
CS2075,0,1135,17,2015-01-11,2011-05-21
CS2076,0,1019,15,2015-01-06,2011-05-31
CS2077,0,683,12,2015-03-08,2011-06-04
CS2078,0,1498,20,2015-01-03,2011-06-13
CS2079,0,1576,23,2014-12-02,2011-11-17
CS2080,1,1250,18,2015-01-08,2011-10-19
CS2081,0,1749,25,2015-02-27,2011-10-10
CS2082,0,977,15,2014-11-24,2011-11-20
CS2083,0,1632,26,2015-02-22,2011-05-23
CS2084,0,1257,18,2015-02-24,2011-06-30
CS2085,1,1668,25,2014-09-24,2011-05-31
CS2086,0,2071,28,2015-03-06,2011-07-10
CS2087,0,1063,15,2015-02-23,2011-06-21
CS2088,0,612,9,2014-02-10,2011-12-07
CS2089,0,1598,22,2015-02-09,2011-08-27
CS2090,0,939,13,2014-10-09,2011-07-17
CS2091,0,1783,24,2014-12-06,2011-07-20
CS2092,0,1387,19,2015-01-28,2011-10-12
CS2093,0,1298,20,2015-01-28,2011-07-05
CS2094,0,1406,21,2015-01-15,2011-07-16
CS2095,0,1931,27,2015-03-03,2011-05-16
CS2096,0,1136,16,2015-03-01,2011-06-10
CS2097,0,1031,15,2015-03-08,2011-05-18
CS2098,0,1760,24,2015-01-05,2011-08-31
CS2099,0,1034,14,2014-12-18,2011-08-03
CS2100,0,1227,18,2014-11-10,2011-08-20
CS2101,1,1194,19,2015-01-13,2011-09-05
CS2102,1,1356,19,2014-07-12,2011-08-25
CS2103,0,1269,17,2015-02-09,2011-06-12
CS2104,0,1726,25,2015-02-05,2011-05-29
CS2105,0,963,15,2014-05-25,2011-06-13
CS2106,0,1271,17,2015-02-18,2011-11-22
CS2107,0,1047,14,2015-03-16,2011-05-28
CS2108,0,1106,16,2015-02-02,2011-10-21
CS2109,0,1836,26,2015-02-09,2011-05-22
CS2110,0,1098,17,2014-11-13,2011-08-25
CS2111,0,1518,21,2015-02-26,2011-07-29
CS2112,0,1344,19,2015-03-14,2011-06-20
CS2113,1,1892,27,2015-03-10,2011-06-19
CS2114,0,1050,16,2015-02-07,2011-06-12
CS2115,0,1807,24,2015-02-05,2011-05-19
CS2116,0,1744,27,2015-02-12,2011-06-03
CS2117,0,2020,30,2015-02-19,2011-05-17
CS2118,0,1079,16,2014-08-03,2011-11-09
CS2119,0,1775,24,2015-01-09,2011-05-18
CS2120,0,948,15,2014-10-11,2011-11-29
CS2121,0,1205,18,2015-02-13,2011-06-13
CS2122,0,1648,23,2015-02-23,2011-10-28
CS2123,0,1547,21,2014-12-04,2011-06-24
CS2124,0,1027,15,2014-04-30,2011-08-01
CS2125,0,1368,19,2014-11-08,2011-09-21
CS2126,0,1093,15,2015-02-13,2011-08-18
CS2127,0,2072,29,2015-03-05,2011-05-31
CS2128,0,1766,27,2015-02-05,2011-05-19
CS2129,0,1395,21,2015-02-28,2011-09-08
CS2130,1,1853,26,2015-01-26,2011-07-16
CS2131,0,885,12,2014-09-12,2012-08-31
CS2132,1,973,14,2014-12-07,2011-08-10
CS2133,0,902,14,2015-01-01,2012-05-28
CS2134,0,1238,19,2015-01-07,2011-05-22
CS2135,0,2036,27,2015-02-28,2011-08-04
CS2136,0,861,13,2015-01-16,2011-09-17
CS2137,0,1686,25,2015-03-13,2011-09-23
CS2138,0,1710,23,2015-01-26,2011-05-29
CS2139,0,1608,21,2015-02-02,2011-06-07
CS2140,0,1978,27,2015-01-02,2011-06-22
CS2141,0,1080,17,2015-03-16,2011-09-08
CS2142,0,1733,23,2015-02-12,2011-07-12
CS2143,0,1187,15,2015-02-14,2011-07-01
CS2144,0,597,10,2014-08-07,2011-07-23
CS2145,0,1379,20,2015-03-06,2011-05-29
CS2146,0,1433,22,2014-12-30,2011-06-02
CS2147,0,853,14,2015-02-24,2011-07-19
CS2148,1,1495,22,2015-01-01,2011-07-08
CS2149,0,1586,23,2015-02-28,2011-06-20
CS2150,0,1089,18,2014-08-28,2011-06-09
CS2151,0,1153,16,2015-02-19,2011-07-18
CS2152,0,928,13,2015-01-28,2011-07-11
CS2153,0,1550,21,2015-03-04,2011-08-16
CS2154,0,1279,18,2014-09-08,2011-06-14
CS2155,0,1087,16,2015-01-03,2011-06-15
CS2156,0,941,15,2015-03-10,2011-06-06
CS2157,0,1449,18,2015-03-08,2011-12-19
CS2158,0,1305,18,2014-09-09,2011-06-21
CS2159,0,1223,19,2015-02-18,2011-06-01
CS2160,0,614,11,2015-01-09,2011-10-12
CS2161,1,1182,18,2015-02-17,2011-11-03
CS2162,0,1263,18,2015-01-15,2011-07-03
CS2163,1,924,14,2014-09-04,2012-01-05
CS2164,0,1184,17,2014-06-24,2011-06-16
CS2165,0,914,14,2014-11-10,2011-05-24
CS2166,0,1351,19,2014-09-24,2011-05-20
CS2167,0,1739,24,2015-01-19,2011-06-16
CS2168,0,1370,19,2015-01-29,2011-08-20
CS2169,0,626,8,2015-01-27,2012-06-01
CS2170,0,1425,19,2015-01-07,2011-07-16
CS2171,0,1071,16,2014-12-25,2011-06-20
CS2172,0,1490,20,2015-02-15,2011-07-29
CS2173,0,1143,18,2014-08-21,2011-05-27
CS2174,0,1735,23,2015-02-02,2011-08-12
CS2175,1,1611,23,2014-12-06,2011-07-09
CS2176,0,1425,21,2014-12-28,2011-06-02
CS2177,1,1321,19,2015-03-16,2011-10-06
CS2178,0,1854,26,2015-03-11,2011-08-15
CS2179,0,1991,30,2014-12-25,2011-05-30
CS2180,0,1685,23,2015-02-21,2011-05-23
CS2181,0,1159,15,2014-12-21,2011-08-26
CS2182,1,1883,26,2015-01-03,2011-07-22
CS2183,0,855,13,2015-01-16,2012-01-01
CS2184,0,1259,20,2015-03-02,2011-05-24
CS2185,0,988,15,2014-10-09,2011-07-22
CS2186,0,1437,20,2015-03-12,2011-10-24
CS2187,0,1856,24,2015-01-20,2011-05-21
CS2188,0,1128,19,2015-03-15,2011-07-16
CS2189,0,1514,21,2015-01-12,2011-05-18
CS2190,1,1621,23,2014-11-17,2011-06-26
CS2191,0,1466,22,2015-02-11,2011-08-22
CS2192,0,1086,14,2014-10-15,2011-08-06
CS2193,0,1138,16,2015-02-23,2011-09-22
CS2194,0,1803,24,2015-02-09,2011-08-26
CS2195,0,1758,24,2015-03-03,2011-06-02
CS2196,0,1156,14,2015-01-11,2011-08-25
CS2197,0,1496,21,2014-11-19,2011-08-04
CS2198,0,1685,24,2014-12-25,2011-06-11
CS2199,0,1720,28,2015-01-03,2011-06-10
CS2200,0,1330,19,2015-02-09,2011-08-14
CS2201,0,1248,18,2015-03-05,2011-05-25
CS2202,0,1743,26,2015-01-31,2011-06-01
CS2203,0,1016,16,2015-03-13,2011-05-18
CS2204,0,1292,18,2015-02-12,2011-06-22
CS2205,0,1843,28,2015-01-16,2011-07-03
CS2206,0,1291,18,2015-02-28,2011-05-16
CS2207,0,1818,26,2015-02-22,2011-07-18
CS2208,0,1782,28,2015-02-02,2011-05-18
CS2209,0,949,15,2014-10-29,2012-03-01
CS2210,0,1415,20,2014-12-10,2011-07-13
CS2211,0,834,11,2014-10-07,2011-05-20
CS2212,0,1152,17,2014-11-21,2011-06-23
CS2213,0,1540,24,2015-03-15,2011-05-16
CS2214,0,1440,21,2015-01-07,2011-05-25
CS2215,0,1865,25,2015-02-15,2011-07-17
CS2216,1,1486,22,2014-08-28,2011-07-11
CS2217,0,1290,17,2015-02-24,2011-07-19
CS2218,0,1157,17,2015-02-23,2011-07-09
CS2219,0,1038,17,2015-02-14,2012-02-11
CS2220,0,1970,27,2015-02-13,2011-08-24
CS2221,0,1183,18,2015-01-21,2011-06-06
CS2222,0,949,14,2015-01-19,2011-07-11
CS2223,0,1868,27,2015-03-13,2011-06-10
CS2224,0,1073,14,2014-12-21,2011-09-30
CS2225,0,1411,20,2014-12-19,2011-08-14
CS2226,0,1270,17,2015-03-09,2011-09-18
CS2227,1,1288,21,2015-02-17,2011-06-03
CS2228,0,1315,19,2015-03-06,2011-08-17
CS2229,1,1810,23,2015-02-23,2011-09-27
CS2230,0,1600,24,2015-01-18,2011-07-03
CS2231,0,1389,18,2015-01-19,2011-05-24
CS2232,0,1243,22,2014-09-01,2011-06-20
CS2233,0,1847,23,2015-03-01,2011-05-25
CS2234,0,808,10,2014-12-21,2011-12-01
CS2235,0,1228,17,2015-02-13,2011-06-05
CS2236,0,1547,25,2015-02-08,2011-09-10
CS2237,0,1882,26,2015-02-18,2011-07-15
CS2238,0,1156,15,2015-03-16,2011-07-29
CS2239,0,1197,19,2014-07-01,2011-11-13
CS2240,0,973,13,2014-11-22,2011-10-25
CS2241,0,1540,21,2015-03-14,2011-08-05
CS2242,0,1236,17,2014-12-03,2011-06-30
CS2243,0,969,14,2015-02-23,2011-09-04
CS2244,1,1587,21,2015-02-06,2011-06-24
CS2245,0,1406,20,2015-02-23,2011-05-21
CS2246,0,1710,23,2015-03-09,2011-06-13
CS2247,1,1138,17,2015-03-09,2011-05-22
CS2248,0,1092,16,2015-01-15,2011-06-24
CS2249,0,1635,23,2015-01-22,2011-06-02
CS2250,0,1318,18,2015-03-07,2011-06-04
CS2251,0,1745,25,2015-03-03,2011-05-23
CS2252,0,2120,31,2015-02-10,2011-06-03
CS2253,0,1262,17,2015-01-19,2011-07-06
CS2254,1,1331,21,2014-12-05,2011-06-14
CS2255,0,1222,17,2015-03-07,2012-02-17
CS2256,0,1337,19,2015-02-09,2011-07-10
CS2257,0,1757,23,2014-12-27,2011-05-29
CS2258,1,1244,18,2014-10-02,2011-05-31
CS2259,1,1245,17,2015-02-16,2011-06-01
CS2260,0,1126,18,2015-02-03,2011-08-11
CS2261,0,1183,18,2014-07-11,2011-06-17
CS2262,0,1334,18,2014-11-22,2011-06-19
CS2263,0,2019,27,2015-02-05,2011-05-24
CS2264,0,1627,21,2015-02-02,2011-06-13
CS2265,0,910,15,2015-01-11,2011-08-11
CS2266,0,1043,16,2015-02-23,2012-07-20
CS2267,1,1267,17,2015-01-11,2011-05-18
CS2268,0,1470,19,2015-01-07,2011-05-27
CS2269,0,1623,26,2015-03-10,2011-06-28
CS2270,0,1121,15,2014-11-02,2011-09-15
CS2271,0,1619,23,2015-03-09,2011-06-08
CS2272,0,1144,17,2015-02-03,2011-06-18
CS2273,0,1935,25,2015-01-05,2011-06-06
CS2274,0,1124,18,2015-02-22,2011-05-30
CS2275,0,1063,15,2015-02-14,2011-08-23
CS2276,1,1071,14,2014-10-08,2011-12-21
CS2277,0,1682,24,2014-07-06,2011-05-27
CS2278,0,826,14,2014-08-19,2012-01-04
CS2279,0,1546,22,2015-02-06,2011-08-15
CS2280,0,1569,24,2014-12-25,2011-07-16
CS2281,0,1498,19,2014-02-17,2011-05-23
CS2282,0,1452,21,2015-01-09,2011-08-06
CS2283,0,1552,22,2015-03-01,2011-08-16
CS2284,0,2179,29,2014-12-01,2011-09-06
CS2285,0,2022,29,2015-03-09,2011-09-29
CS2286,1,1088,15,2014-02-26,2011-06-10
CS2287,0,1170,17,2015-02-03,2011-12-15
CS2288,1,1254,19,2015-02-09,2011-05-16
CS2289,0,1311,20,2014-10-08,2011-09-11
CS2290,0,1823,26,2015-03-13,2011-10-28
CS2291,0,1424,20,2015-03-13,2011-06-26
CS2292,1,1582,23,2014-11-05,2011-05-30
CS2293,0,1513,22,2015-01-30,2011-07-19
CS2294,0,1615,22,2015-03-04,2011-06-14
CS2295,0,1450,21,2014-10-31,2011-06-25
CS2296,0,1876,25,2015-02-13,2011-06-10
CS2297,0,1447,19,2015-01-02,2011-05-31
CS2298,1,1568,21,2015-02-05,2011-08-11
CS2299,0,1982,29,2015-01-04,2011-08-15
CS2300,0,1648,23,2014-12-23,2011-10-14
CS2301,0,968,14,2014-11-30,2012-01-29
CS2302,0,1585,23,2014-12-24,2011-06-15
CS2303,0,1673,24,2015-01-20,2011-05-16
CS2304,0,1214,16,2015-03-06,2011-07-02
CS2305,0,1717,24,2015-02-24,2011-05-27
CS2306,0,1454,21,2015-01-21,2011-07-05
CS2307,0,1207,16,2013-12-23,2011-05-31
CS2308,0,1542,22,2014-12-30,2011-05-22
CS2309,0,1472,22,2015-01-29,2011-05-31
CS2310,0,2035,28,2015-02-16,2011-06-28
CS2311,1,1321,18,2015-01-03,2011-09-04
CS2312,0,1769,26,2014-11-27,2011-07-03
CS2313,0,1507,22,2015-03-06,2011-06-13
CS2314,0,982,16,2015-01-21,2011-07-23
CS2315,0,1022,16,2014-09-18,2011-07-16
CS2316,0,2330,33,2015-03-13,2011-09-26
CS2317,0,1403,21,2015-03-04,2011-08-30
CS2318,1,1305,17,2014-11-22,2011-07-24
CS2319,0,1253,18,2014-11-29,2011-09-17
CS2320,0,1379,19,2015-01-24,2011-05-24
CS2321,0,1560,20,2014-08-25,2011-08-05
CS2322,0,1360,18,2015-02-10,2011-05-18
CS2323,0,1661,22,2015-02-12,2011-09-30
CS2324,0,898,13,2015-02-15,2011-06-23
CS2325,0,1222,18,2015-01-11,2011-10-23
CS2326,0,681,11,2015-02-21,2011-06-29
CS2327,0,1841,26,2015-02-24,2011-05-24
CS2328,0,1868,27,2015-02-20,2011-10-05
CS2329,0,1531,21,2014-12-02,2011-08-18
CS2330,0,1458,19,2014-10-17,2011-12-18
CS2331,1,1831,26,2015-03-07,2011-06-04
CS2332,0,909,16,2014-06-02,2011-08-04
CS2333,0,1822,24,2015-03-02,2011-07-13
CS2334,0,1202,17,2014-12-30,2011-06-21
CS2335,0,1112,18,2014-07-26,2011-05-19
CS2336,0,1678,22,2015-02-22,2011-05-30
CS2337,0,1454,21,2015-03-11,2011-07-15
CS2338,0,2073,27,2015-03-16,2011-06-07
CS2339,0,862,13,2015-01-07,2011-10-01
CS2340,0,1487,21,2015-01-24,2011-10-22
CS2341,1,1668,24,2015-02-18,2011-06-13
CS2342,0,1165,17,2015-01-14,2011-06-17
CS2343,0,1330,18,2014-12-06,2011-07-17
CS2344,0,1660,23,2015-01-17,2011-05-21
CS2345,0,2051,29,2015-03-08,2011-05-23
CS2346,0,1817,28,2015-02-04,2011-08-01
CS2347,0,1267,18,2015-03-12,2011-06-16
CS2348,0,1598,25,2014-10-25,2011-06-26
CS2349,0,1421,20,2015-02-19,2011-05-16
CS2350,1,1584,23,2015-02-26,2011-05-30
CS2351,0,1679,23,2015-01-11,2011-06-19
CS2352,1,1539,20,2014-10-06,2011-07-17
CS2353,0,1114,16,2014-11-24,2011-07-12
CS2354,0,1682,23,2015-03-04,2011-06-24
CS2355,0,1458,20,2014-11-07,2011-07-31
CS2356,0,1335,20,2014-08-31,2012-01-02
CS2357,0,1753,24,2015-03-15,2011-07-12
CS2358,0,1105,15,2014-07-21,2011-07-25
CS2359,1,1770,24,2015-02-12,2011-08-21
CS2360,0,881,13,2015-02-06,2011-05-26
CS2361,0,2193,30,2014-12-16,2011-06-24
CS2362,1,1505,21,2015-01-10,2011-07-16
CS2363,0,1550,24,2015-02-26,2011-05-16
CS2364,0,1866,25,2015-02-22,2011-09-10
CS2365,0,994,15,2014-12-29,2011-10-07
CS2366,0,1156,18,2015-02-28,2011-06-10
CS2367,0,1208,19,2014-12-25,2011-05-29
CS2368,0,1859,27,2015-03-09,2011-07-22
CS2369,0,1736,24,2015-01-28,2011-12-23
CS2370,0,1420,21,2015-03-06,2011-08-05
CS2371,0,1455,22,2015-01-23,2011-05-30
CS2372,0,1569,22,2015-02-24,2011-06-19
CS2373,0,1728,26,2014-10-13,2011-05-29
CS2374,1,1340,20,2014-10-26,2011-06-23
CS2375,0,1627,21,2015-02-12,2011-06-05
CS2376,0,656,10,2014-08-21,2012-01-25
CS2377,0,1763,24,2015-01-12,2012-02-11
CS2378,0,1680,25,2015-02-10,2011-06-19
CS2379,0,1225,16,2015-01-28,2011-05-21
CS2380,0,717,9,2014-12-01,2011-06-23
CS2381,0,1292,19,2015-01-28,2011-07-24
CS2382,0,1247,17,2014-11-13,2011-08-09
CS2383,0,1227,20,2015-02-12,2011-07-31
CS2384,0,1323,21,2015-01-31,2011-07-16
CS2385,1,1299,18,2015-01-09,2011-06-11
CS2386,1,1552,21,2014-11-29,2011-12-03
CS2387,0,1758,24,2014-10-09,2011-07-03
CS2388,0,1445,21,2015-02-13,2011-05-31
CS2389,1,1613,20,2015-01-26,2011-06-14
CS2390,0,736,10,2014-08-24,2011-07-09
CS2391,0,1768,25,2015-02-16,2011-08-19
CS2392,0,1288,18,2014-10-16,2011-06-08
CS2393,0,1283,20,2015-02-28,2011-08-24
CS2394,0,1378,18,2015-01-20,2011-06-24
CS2395,0,1498,22,2014-10-07,2011-06-17
CS2396,0,796,11,2015-02-01,2011-08-19
CS2397,0,1513,23,2015-01-06,2011-08-02
CS2398,0,1338,18,2015-01-03,2011-06-25
CS2399,0,1777,25,2015-01-27,2011-06-01
CS2400,0,1082,16,2015-01-27,2011-07-20
CS2401,0,1010,15,2015-02-22,2011-09-02
CS2402,0,1063,13,2014-12-23,2011-06-06
CS2403,1,1640,24,2014-12-21,2011-12-27
CS2404,1,1641,23,2014-12-14,2011-06-02
CS2405,0,834,12,2015-01-07,2011-07-11
CS2406,0,1052,15,2014-10-17,2011-09-26
CS2407,1,1732,25,2015-02-16,2011-08-24
CS2408,0,687,11,2015-03-06,2011-06-24
CS2409,0,989,15,2014-08-18,2011-06-20
CS2410,0,847,13,2014-11-03,2011-09-18
CS2411,0,1527,21,2014-10-13,2011-07-22
CS2412,0,1084,16,2015-02-16,2011-06-08
CS2413,0,1074,15,2015-01-31,2011-06-18
CS2414,1,1492,19,2015-01-09,2011-05-18
CS2415,0,1821,25,2015-02-03,2011-06-24
CS2416,0,1353,20,2015-03-11,2011-05-19
CS2417,0,1235,18,2015-01-14,2011-08-19
CS2418,0,951,15,2015-02-01,2011-09-13
CS2419,0,1676,22,2015-01-13,2011-05-17
CS2420,0,1470,22,2014-11-26,2011-07-19
CS2421,0,2054,28,2014-11-30,2011-10-13
CS2422,0,1435,20,2015-01-11,2011-05-31
CS2423,0,1333,20,2015-03-11,2011-05-22
CS2424,0,1536,20,2015-02-14,2011-05-30
CS2425,0,1647,23,2015-03-06,2011-08-26
CS2426,0,1288,18,2015-03-10,2011-10-02
CS2427,0,1122,15,2015-03-15,2011-06-16
CS2428,0,1446,20,2014-08-19,2011-05-20
CS2429,0,1816,25,2014-10-31,2011-07-13
CS2430,0,1756,27,2015-02-01,2011-06-25
CS2431,0,981,14,2014-11-08,2011-08-03
CS2432,0,1493,19,2015-02-13,2011-07-30
CS2433,0,1928,30,2015-01-06,2011-06-03
CS2434,1,1746,26,2015-02-05,2011-07-22
CS2435,0,1056,16,2014-09-16,2011-08-11
CS2436,0,1607,22,2015-02-24,2011-07-11
CS2437,0,1611,21,2015-01-18,2011-08-09
CS2438,1,1423,22,2015-02-13,2011-06-06
CS2439,0,1618,23,2015-02-13,2011-07-04
CS2440,0,809,11,2014-10-16,2011-09-13
CS2441,1,1513,23,2015-02-18,2011-06-04
CS2442,0,1869,28,2015-02-12,2011-10-06
CS2443,0,1246,19,2015-03-06,2011-12-03
CS2444,0,938,15,2015-03-03,2011-06-03
CS2445,0,1135,19,2015-03-13,2011-08-20
CS2446,0,701,10,2014-08-13,2012-05-15
CS2447,0,1329,17,2014-08-13,2011-07-10
CS2448,0,1373,21,2015-02-19,2011-05-21
CS2449,0,1166,16,2015-01-31,2011-06-01
CS2450,0,1238,16,2015-03-07,2011-09-29
CS2451,0,1169,16,2015-02-24,2011-08-05
CS2452,0,1291,20,2014-12-06,2011-06-04
CS2453,0,1374,19,2014-11-22,2011-06-20
CS2454,0,1643,23,2015-02-03,2011-07-25
CS2455,1,1520,24,2015-02-13,2011-11-08
CS2456,0,1219,17,2015-03-03,2011-09-01
CS2457,1,1572,24,2014-11-17,2011-08-02
CS2458,0,1038,16,2015-01-26,2011-08-13
CS2459,1,1968,27,2014-12-03,2011-06-25
CS2460,0,1527,23,2014-10-18,2011-06-24
CS2461,0,1355,22,2015-01-04,2011-07-09
CS2462,0,1431,20,2014-11-27,2011-12-29
CS2463,0,1131,17,2015-03-03,2011-07-03
CS2464,0,1243,18,2015-01-17,2011-08-08
CS2465,0,1456,20,2015-02-22,2011-12-15
CS2466,0,1030,16,2015-02-23,2011-11-19
CS2467,0,814,13,2015-02-04,2011-06-03
CS2468,0,1892,25,2015-02-27,2011-05-17
CS2469,0,1322,20,2015-02-14,2011-06-19
CS2470,0,1216,15,2014-12-29,2011-06-25
CS2471,0,1218,18,2014-11-05,2011-06-26
CS2472,0,1231,19,2015-01-23,2011-05-26
CS2473,0,1429,19,2015-02-28,2011-06-27
CS2474,0,1070,17,2014-11-20,2012-01-05
CS2475,0,989,16,2015-03-08,2011-07-31
CS2476,0,1676,22,2015-01-22,2011-06-08
CS2477,0,969,15,2015-03-10,2011-07-30
CS2478,0,1164,17,2014-10-25,2011-09-01
CS2479,0,747,10,2015-02-06,2011-05-21
CS2480,0,1296,19,2014-12-07,2011-06-09
CS2481,0,906,15,2014-11-26,2011-09-08
CS2482,0,2098,31,2014-11-29,2011-07-26
CS2483,0,1136,15,2014-11-30,2011-10-24
CS2484,0,1142,17,2014-11-29,2011-06-05
CS2485,1,1517,21,2015-02-13,2011-06-20
CS2486,0,1418,20,2014-12-29,2011-07-14
CS2487,0,1727,25,2015-03-16,2011-08-29
CS2488,0,1318,19,2014-12-19,2011-05-26
CS2489,1,1228,19,2014-09-11,2011-10-19
CS2490,0,1561,22,2015-01-30,2011-06-25
CS2491,0,1282,19,2015-01-30,2011-07-17
CS2492,0,1211,17,2014-12-12,2011-07-07
CS2493,0,1817,28,2015-03-15,2011-05-20
CS2494,0,1678,21,2015-03-15,2011-07-02
CS2495,0,1067,17,2015-02-11,2011-06-01
CS2496,0,1573,23,2015-02-13,2011-05-20
CS2497,0,1069,17,2014-05-25,2011-08-07
CS2498,0,896,14,2015-02-15,2011-11-21
CS2499,0,1515,21,2015-03-02,2011-05-26
CS2500,0,1103,17,2014-09-29,2011-08-02
CS2501,1,1600,23,2015-02-17,2011-05-31
CS2502,0,1871,24,2014-12-08,2011-07-07
CS2503,0,1001,15,2014-09-29,2011-11-23
CS2504,0,927,11,2015-01-22,2011-11-06
CS2505,0,1106,16,2014-11-18,2011-06-14
CS2506,0,1505,20,2015-01-20,2011-05-28
CS2507,0,1721,23,2014-08-16,2011-09-25
CS2508,0,2049,29,2015-02-01,2011-06-13
CS2509,0,981,13,2014-03-25,2011-12-05
CS2510,1,1300,20,2014-12-31,2011-07-27
CS2511,0,1291,18,2015-01-30,2011-05-19
CS2512,0,1877,25,2015-01-22,2011-05-21
CS2513,0,1619,22,2014-11-13,2011-07-18
CS2514,0,1405,21,2015-03-06,2012-01-10
CS2515,1,1517,22,2015-02-16,2011-06-03
CS2516,0,1258,17,2015-02-15,2011-05-24
CS2517,0,918,15,2015-01-06,2011-06-05
CS2518,0,1293,21,2015-03-10,2011-08-30
CS2519,0,1934,25,2015-03-08,2011-06-09
CS2520,0,1524,22,2015-02-28,2011-07-15
CS2521,0,1401,21,2015-01-31,2011-06-07
CS2522,0,1373,19,2014-10-06,2011-05-16
CS2523,0,1150,17,2014-12-13,2011-06-01
CS2524,0,1164,16,2015-03-08,2011-09-01
CS2525,1,1435,20,2015-01-16,2011-07-08
CS2526,0,1014,14,2015-02-13,2011-05-21
CS2527,0,1654,23,2015-02-16,2011-09-07
CS2528,0,1132,17,2014-10-21,2011-11-07
CS2529,0,1564,19,2015-02-09,2011-07-04
CS2530,0,1122,19,2015-03-14,2011-06-13
CS2531,0,1770,26,2014-11-14,2011-07-22
CS2532,0,1106,14,2015-01-28,2011-08-23
CS2533,0,1609,24,2015-03-06,2011-09-13
CS2534,0,1391,19,2014-11-24,2011-10-04
CS2535,0,1355,18,2015-01-04,2011-09-04
CS2536,0,1886,25,2015-02-20,2011-05-25
CS2537,0,1095,17,2015-02-14,2011-06-09
CS2538,0,1477,22,2015-02-27,2011-06-18
CS2539,0,1259,18,2014-12-31,2011-07-14
CS2540,0,1352,20,2014-09-01,2011-07-21
CS2541,1,1968,28,2014-10-11,2011-06-30
CS2542,0,1283,17,2015-01-10,2011-05-28
CS2543,0,1596,22,2015-01-21,2011-06-29
CS2544,0,1490,22,2015-01-04,2011-08-24
CS2545,0,1828,24,2015-01-18,2011-06-23
CS2546,0,1588,24,2015-02-08,2011-09-08
CS2547,0,1342,19,2015-02-20,2011-06-27
CS2548,1,1661,24,2014-10-04,2011-05-22
CS2549,0,1213,17,2015-01-04,2011-10-03
CS2550,0,742,12,2015-03-06,2011-05-25
CS2551,1,1670,22,2015-02-21,2011-06-03
CS2552,0,1827,27,2015-02-25,2011-07-16
CS2553,0,1200,17,2014-10-11,2011-05-25
CS2554,0,851,12,2015-01-20,2011-05-26
CS2555,0,1146,18,2015-03-16,2011-09-15
CS2556,1,1464,19,2015-03-03,2011-08-31
CS2557,0,1193,16,2015-03-11,2011-06-09
CS2558,1,1305,19,2014-11-16,2011-06-08
CS2559,0,774,10,2014-02-21,2011-06-24
CS2560,0,1012,16,2014-11-11,2011-05-23
CS2561,0,1237,19,2015-01-27,2011-07-27
CS2562,0,999,13,2015-03-05,2011-12-24
CS2563,0,1055,17,2015-03-15,2011-05-31
CS2564,0,1114,16,2015-01-19,2011-05-23
CS2565,0,1394,21,2015-01-21,2011-06-28
CS2566,0,1243,17,2014-11-18,2011-08-11
CS2567,0,1156,17,2015-03-15,2011-07-15
CS2568,0,1901,28,2015-03-11,2011-05-20
CS2569,0,1773,24,2015-03-06,2011-06-26
CS2570,0,754,10,2014-11-03,2011-05-26
CS2571,0,1590,21,2015-02-04,2011-08-03
CS2572,0,1101,15,2015-01-10,2011-11-08
CS2573,0,1218,18,2014-09-01,2011-09-28
CS2574,0,990,15,2015-02-11,2011-11-27
CS2575,1,1859,24,2015-01-11,2011-05-19
CS2576,0,916,12,2014-02-17,2012-03-31
CS2577,0,1303,18,2015-03-08,2011-05-20
CS2578,1,1701,25,2015-02-08,2011-06-17
CS2579,0,2006,30,2015-03-08,2011-07-23
CS2580,0,1187,20,2015-02-15,2011-12-25
CS2581,0,1075,14,2015-01-21,2011-08-03
CS2582,0,1861,29,2015-02-18,2011-06-02
CS2583,0,987,15,2015-01-24,2011-08-23
CS2584,0,1814,25,2015-01-13,2011-06-12
CS2585,0,1484,21,2015-03-16,2011-08-01
CS2586,0,1061,16,2015-02-08,2011-06-26
CS2587,0,747,12,2015-02-22,2011-08-06
CS2588,1,1561,23,2014-12-11,2012-01-02
CS2589,0,1442,20,2015-01-23,2011-05-26
CS2590,0,1437,22,2015-02-21,2011-07-01
CS2591,0,1609,22,2015-01-25,2011-05-20
CS2592,0,1519,20,2015-02-05,2011-06-22
CS2593,0,1199,14,2015-02-28,2011-06-02
CS2594,0,1420,20,2015-03-14,2011-05-16
CS2595,1,1516,23,2015-02-27,2011-10-27
CS2596,0,923,12,2014-12-22,2011-07-28
CS2597,0,1474,21,2015-01-10,2011-08-20
CS2598,0,1244,18,2014-12-26,2011-12-26
CS2599,0,1974,28,2015-02-14,2011-06-16
CS2600,0,1768,25,2015-02-23,2011-09-19
CS2601,1,1840,25,2015-02-25,2011-07-03
CS2602,0,1484,20,2014-11-15,2011-05-29
CS2603,1,1206,17,2015-02-08,2011-11-21
CS2604,0,1426,22,2015-01-27,2011-08-22
CS2605,0,1182,18,2014-12-19,2011-11-20
CS2606,0,1211,17,2015-02-23,2011-08-28
CS2607,0,783,13,2015-03-07,2011-07-15
CS2608,0,993,16,2015-01-13,2011-05-30
CS2609,0,1156,15,2015-01-26,2011-06-02
CS2610,0,1649,22,2015-01-16,2011-07-02
CS2611,0,1623,21,2015-01-27,2011-07-15
CS2612,0,1510,21,2014-12-27,2011-05-26
CS2613,0,1537,22,2015-02-18,2011-07-10
CS2614,0,1180,18,2015-02-07,2011-05-17
CS2615,0,2090,30,2015-02-20,2011-07-10
CS2616,0,569,9,2015-03-16,2011-06-01
CS2617,0,1157,17,2014-10-10,2011-12-07
CS2618,0,1305,18,2014-08-28,2011-07-11
CS2619,0,1387,21,2015-01-09,2011-07-13
CS2620,0,2360,35,2014-10-25,2011-05-18
CS2621,0,1540,23,2015-01-06,2011-11-12
CS2622,0,1664,21,2015-02-12,2011-05-20
CS2623,0,1629,23,2015-03-01,2011-05-18
CS2624,1,1919,27,2015-02-07,2011-07-16
CS2625,0,1762,25,2014-11-15,2011-06-07
CS2626,0,926,12,2014-09-25,2011-10-31
CS2627,0,1524,21,2015-02-25,2011-05-30
CS2628,1,2135,29,2015-02-12,2011-07-10
CS2629,0,828,12,2014-12-04,2011-10-30
CS2630,0,1234,17,2014-11-22,2011-08-10
CS2631,0,972,13,2015-03-15,2011-08-26
CS2632,0,1164,18,2014-11-05,2011-07-11
CS2633,0,1371,19,2014-11-26,2011-06-04
CS2634,0,1423,19,2014-10-26,2011-09-24
CS2635,0,1438,23,2015-01-21,2011-07-08
CS2636,0,1164,16,2015-03-10,2012-04-28
CS2637,0,1902,26,2015-01-17,2011-05-26
CS2638,0,1690,25,2015-03-11,2011-05-16
CS2639,0,1797,26,2015-02-01,2011-05-25
CS2640,0,1296,18,2015-01-28,2011-06-11
CS2641,1,1227,19,2014-12-24,2011-08-24
CS2642,0,1180,17,2014-07-27,2011-05-23
CS2643,0,1644,22,2014-10-01,2011-10-16
CS2644,0,1507,20,2015-02-19,2012-03-17
CS2645,0,858,14,2015-02-22,2011-06-13
CS2646,0,1019,17,2015-02-19,2011-06-10
CS2647,0,1830,23,2015-03-13,2012-03-02
CS2648,0,1610,25,2015-02-19,2011-07-04
CS2649,1,1460,21,2014-11-30,2011-08-28
CS2650,0,1149,15,2014-07-16,2011-10-24
CS2651,0,1712,22,2015-01-06,2011-07-16
CS2652,1,1440,20,2014-11-28,2011-06-14
CS2653,1,1454,22,2014-12-14,2011-05-24
CS2654,0,952,16,2015-01-19,2011-06-21
CS2655,0,1896,27,2015-02-13,2011-06-07
CS2656,0,1729,24,2015-01-30,2011-07-08
CS2657,0,2286,29,2015-02-04,2011-05-21
CS2658,0,1816,24,2015-02-17,2011-08-21
CS2659,0,1429,20,2015-02-27,2011-11-16
CS2660,0,844,15,2015-02-08,2011-11-09
CS2661,1,1874,26,2014-11-16,2011-07-05
CS2662,0,1735,26,2015-02-27,2011-05-30
CS2663,0,1788,24,2015-03-09,2011-10-11
CS2664,0,1512,23,2015-01-13,2011-06-30
CS2665,0,1273,19,2015-02-21,2011-06-02
CS2666,0,1321,18,2014-11-13,2011-08-26
CS2667,0,993,14,2015-02-15,2011-05-28
CS2668,0,1427,19,2014-12-28,2011-09-20
CS2669,0,1953,30,2015-01-18,2011-06-29
CS2670,0,1398,20,2015-03-10,2011-10-19
CS2671,0,1554,20,2015-02-05,2011-07-21
CS2672,0,1530,20,2015-03-10,2011-06-15
CS2673,0,1112,15,2015-03-15,2011-06-28
CS2674,0,854,12,2014-11-19,2011-07-26
CS2675,0,1411,17,2014-12-21,2011-08-10
CS2676,0,1693,24,2014-12-17,2011-07-03
CS2677,1,1025,14,2014-10-16,2011-08-12
CS2678,0,978,13,2014-11-25,2011-06-01
CS2679,0,1986,29,2014-12-25,2011-10-20
CS2680,0,986,16,2015-01-08,2011-08-10
CS2681,0,1305,21,2015-02-04,2011-05-30
CS2682,1,2045,29,2015-03-02,2011-06-03
CS2683,0,1665,25,2015-01-30,2011-09-20
CS2684,1,1184,15,2014-12-21,2011-06-07
CS2685,0,1474,20,2015-03-08,2011-07-29
CS2686,0,1399,22,2015-02-12,2011-06-24
CS2687,0,1731,28,2015-03-07,2011-06-18
CS2688,0,1452,22,2015-02-02,2011-10-21
CS2689,0,992,13,2015-02-17,2011-06-07
CS2690,0,1560,21,2015-02-16,2011-05-20
CS2691,1,1121,16,2014-05-28,2011-06-13
CS2692,0,1913,28,2015-02-15,2011-07-04
CS2693,0,1655,21,2015-01-29,2011-08-25
CS2694,0,1269,19,2014-09-14,2011-07-16
CS2695,0,1538,23,2014-12-06,2011-05-17
CS2696,0,1292,18,2014-12-01,2011-11-11
CS2697,0,1060,16,2015-03-13,2011-10-25
CS2698,0,671,12,2015-03-10,2011-07-16
CS2699,0,1280,19,2015-01-01,2011-07-18
CS2700,1,1826,25,2015-02-07,2011-05-25
CS2701,0,1101,18,2015-02-13,2011-10-21
CS2702,0,2090,29,2015-01-14,2011-06-01
CS2703,1,1615,25,2015-03-05,2011-06-12
CS2704,0,1462,20,2015-02-03,2011-08-31
CS2705,0,1268,17,2014-12-10,2011-10-21
CS2706,1,1434,20,2014-11-22,2011-06-06
CS2707,0,1498,21,2015-03-14,2011-05-24
CS2708,1,1546,23,2015-03-01,2011-05-21
CS2709,0,936,13,2015-03-07,2011-08-27
CS2710,0,1635,22,2015-03-09,2011-07-04
CS2711,0,1302,18,2014-09-10,2011-05-20
CS2712,0,1366,20,2015-03-10,2011-05-30
CS2713,0,1329,20,2015-02-19,2011-11-07
CS2714,0,871,13,2015-02-07,2011-12-14
CS2715,1,1369,20,2015-03-15,2011-05-26
CS2716,0,1335,16,2015-01-21,2011-08-24
CS2717,0,827,12,2014-09-19,2011-06-04
CS2718,0,751,11,2014-11-03,2011-10-12
CS2719,1,1667,25,2014-08-29,2011-06-05
CS2720,0,1294,21,2014-11-20,2011-07-04
CS2721,0,1722,23,2015-02-20,2011-05-17
CS2722,0,1431,21,2015-01-26,2011-10-01
CS2723,0,1446,21,2015-02-03,2011-06-25
CS2724,0,1166,14,2014-07-01,2011-07-03
CS2725,0,1395,21,2014-10-01,2011-05-16
CS2726,0,1421,20,2015-02-22,2011-08-03
CS2727,0,1698,25,2015-02-06,2011-06-08
CS2728,0,1488,20,2014-12-19,2011-07-02
CS2729,0,1401,21,2014-12-30,2011-10-15
CS2730,0,1186,16,2014-04-01,2011-09-30
CS2731,0,1736,22,2015-02-28,2011-08-11
CS2732,0,1362,18,2015-02-11,2011-06-02
CS2733,0,1725,24,2015-02-03,2011-06-19
CS2734,0,1242,19,2015-01-02,2011-05-18
CS2735,0,1813,26,2015-03-13,2011-10-08
CS2736,0,1733,25,2015-03-02,2011-08-03
CS2737,0,1317,20,2015-02-16,2011-05-27
CS2738,0,1799,25,2014-11-23,2011-05-21
CS2739,0,1962,27,2014-12-02,2011-06-14
CS2740,0,1048,14,2014-08-31,2011-09-06
CS2741,1,1528,23,2015-03-08,2011-07-25
CS2742,0,1565,24,2014-12-06,2011-06-25
CS2743,0,1295,20,2014-11-11,2011-05-31
CS2744,0,1174,18,2015-02-06,2011-08-08
CS2745,0,1525,24,2015-02-17,2011-07-26
CS2746,0,1023,15,2015-03-12,2011-05-23
CS2747,0,1284,18,2015-01-06,2011-06-01
CS2748,1,1537,23,2014-11-28,2011-06-04
CS2749,0,1225,18,2015-02-17,2011-05-21
CS2750,0,1067,17,2015-02-22,2011-06-14
CS2751,0,1571,22,2015-02-03,2011-10-06
CS2752,0,1100,18,2014-11-23,2011-06-26
CS2753,0,1256,18,2015-02-22,2011-08-08
CS2754,0,1638,22,2015-01-06,2011-06-14
CS2755,1,1983,30,2015-02-25,2011-08-04
CS2756,0,1450,23,2014-11-09,2011-07-28
CS2757,0,1526,22,2015-01-21,2011-08-06
CS2758,0,957,15,2015-03-01,2012-05-13
CS2759,0,1315,18,2015-01-07,2011-07-26
CS2760,0,1091,15,2015-02-06,2011-05-27
CS2761,0,1139,16,2015-02-10,2011-06-13
CS2762,0,755,12,2014-08-12,2011-07-19
CS2763,0,839,11,2015-03-16,2012-04-17
CS2764,0,990,13,2015-01-19,2011-12-03
CS2765,0,1639,24,2015-03-04,2011-08-29
CS2766,0,1706,27,2015-03-06,2011-07-04
CS2767,0,1323,18,2015-03-15,2011-07-27
CS2768,0,1306,18,2015-01-29,2011-10-15
CS2769,0,2202,30,2015-03-03,2011-05-22
CS2770,0,1707,25,2015-03-14,2011-07-21
CS2771,0,1671,25,2015-01-05,2011-07-02
CS2772,0,1208,17,2014-06-18,2011-07-12
CS2773,0,1474,22,2015-03-05,2011-06-04
CS2774,0,763,11,2015-01-11,2011-12-04
CS2775,0,1600,22,2015-02-27,2011-07-04
CS2776,0,2099,28,2015-02-12,2011-06-26
CS2777,0,1457,20,2014-07-26,2011-05-19
CS2778,1,1157,16,2014-12-20,2011-05-23
CS2779,0,934,14,2015-01-08,2011-09-07
CS2780,0,1303,18,2015-02-14,2011-07-23
CS2781,0,1098,16,2015-02-19,2011-06-02
CS2782,1,1585,21,2014-12-30,2011-10-12
CS2783,0,2060,29,2015-02-12,2011-06-24
CS2784,0,1750,24,2014-12-20,2011-05-19
CS2785,0,1702,23,2015-02-07,2011-07-11
CS2786,0,2034,29,2015-02-20,2011-07-06
CS2787,0,1641,23,2015-03-06,2011-07-31
CS2788,0,1218,19,2015-01-21,2011-06-18
CS2789,0,2003,26,2015-01-25,2011-07-02
CS2790,0,1496,19,2014-11-15,2011-05-18
CS2791,0,1381,19,2015-03-02,2011-06-18
CS2792,0,1557,21,2015-03-09,2011-06-09
CS2793,0,1668,22,2015-01-25,2011-06-01
CS2794,0,1789,23,2015-03-12,2012-04-15
CS2795,0,1609,22,2015-02-26,2011-07-26
CS2796,0,1279,18,2015-03-14,2011-09-30
CS2797,1,1352,20,2014-08-22,2011-06-25
CS2798,0,1535,21,2014-12-29,2011-05-22
CS2799,0,1102,17,2015-03-09,2011-06-02
CS2800,0,1063,16,2015-01-04,2011-09-30
CS2801,0,1148,18,2015-02-02,2011-06-01
CS2802,0,1347,20,2015-02-15,2011-07-05
CS2803,0,1034,15,2014-11-09,2011-06-28
CS2804,0,1530,22,2015-02-18,2011-07-03
CS2805,0,1104,18,2015-02-11,2011-05-27
CS2806,0,762,11,2014-10-20,2011-07-13
CS2807,0,1316,19,2015-01-14,2011-05-29
CS2808,1,1509,24,2014-09-29,2011-07-10
CS2809,1,1594,24,2015-03-03,2011-06-09
CS2810,0,1082,15,2014-12-17,2011-08-19
CS2811,0,1110,17,2014-10-24,2011-05-18
CS2812,0,1134,16,2015-02-24,2011-06-21
CS2813,0,1593,23,2014-12-31,2011-06-03
CS2814,0,1385,18,2015-02-21,2011-09-18
CS2815,0,1166,16,2015-02-08,2011-08-01
CS2816,0,1401,21,2015-03-06,2011-08-04
CS2817,0,1406,21,2015-01-08,2011-08-18
CS2818,0,2018,29,2015-03-06,2011-08-15
CS2819,0,1338,20,2015-02-21,2011-05-31
CS2820,0,1596,23,2014-10-17,2011-05-19
CS2821,0,1864,27,2015-02-26,2011-05-18
CS2822,0,1131,15,2015-01-29,2011-11-01
CS2823,1,1731,25,2015-02-26,2011-05-23
CS2824,1,1292,20,2015-03-13,2011-05-20
CS2825,0,873,14,2015-02-24,2011-10-11
CS2826,0,1142,18,2014-10-25,2011-06-09
CS2827,0,1455,21,2015-01-02,2011-05-31
CS2828,0,1350,20,2015-01-27,2011-08-20
CS2829,0,1794,24,2015-01-24,2011-06-24
CS2830,0,2070,28,2014-12-08,2011-06-05
CS2831,0,1250,17,2015-01-29,2012-01-19
CS2832,0,1585,24,2015-02-20,2011-05-23
CS2833,1,1299,18,2015-03-13,2011-08-05
CS2834,0,1747,24,2015-02-17,2011-05-23
CS2835,0,1800,24,2014-10-02,2011-09-27
CS2836,0,1297,18,2015-02-10,2011-09-01
CS2837,0,1813,26,2015-02-24,2011-06-11
CS2838,1,1446,18,2014-07-09,2011-05-25
CS2839,0,1295,19,2014-12-16,2011-08-26
CS2840,1,2074,29,2015-02-02,2011-08-23
CS2841,0,792,12,2014-08-10,2011-06-12
CS2842,0,1733,24,2015-02-25,2011-06-11
CS2843,0,1374,18,2014-09-29,2011-07-22
CS2844,0,740,11,2014-09-08,2011-09-15
CS2845,0,1829,27,2015-01-02,2011-05-25
CS2846,0,1283,19,2015-03-09,2011-09-08
CS2847,0,1493,21,2014-12-10,2011-05-26
CS2848,0,1331,19,2015-01-09,2011-06-08
CS2849,0,1301,21,2015-01-09,2011-07-03
CS2850,0,1131,17,2015-02-18,2011-07-13
CS2851,0,1392,19,2014-09-16,2011-07-24
CS2852,0,1151,16,2014-10-14,2011-05-30
CS2853,0,1779,25,2015-02-03,2011-06-22
CS2854,1,1564,23,2015-02-27,2011-08-07
CS2855,0,1346,19,2014-12-15,2011-09-28
CS2856,0,1448,21,2015-01-16,2011-05-29
CS2857,0,1095,15,2014-10-31,2011-07-08
CS2858,0,1555,23,2015-01-26,2011-05-28
CS2859,0,792,13,2015-02-27,2011-08-27
CS2860,0,1356,21,2014-09-25,2011-06-22
CS2861,0,1082,14,2015-03-06,2011-06-08
CS2862,0,1734,24,2015-02-21,2011-07-25
CS2863,0,1716,25,2014-11-03,2011-08-07
CS2864,0,1442,23,2015-01-19,2011-07-19
CS2865,0,1868,25,2015-02-07,2011-05-24
CS2866,0,1488,22,2015-02-27,2011-07-22
CS2867,1,1464,21,2015-02-23,2011-05-31
CS2868,0,1507,20,2015-01-27,2011-06-15
CS2869,0,1452,21,2015-02-17,2011-11-07
CS2870,0,1670,24,2015-01-28,2011-06-15
CS2871,0,2124,29,2014-10-22,2011-05-30
CS2872,0,1674,22,2015-03-15,2011-05-29
CS2873,0,2045,29,2015-02-28,2011-07-20
CS2874,0,930,14,2015-01-05,2011-05-27
CS2875,0,1007,15,2015-02-24,2011-06-02
CS2876,0,1369,21,2015-03-01,2011-10-13
CS2877,0,1677,24,2015-03-15,2011-06-01
CS2878,1,1610,23,2015-01-04,2011-07-20
CS2879,0,1028,15,2014-12-20,2011-07-02
CS2880,0,1482,20,2014-12-27,2011-06-23
CS2881,0,1801,26,2014-09-19,2011-06-04
CS2882,0,781,11,2014-07-25,2011-05-30
CS2883,0,1658,21,2014-09-15,2011-09-11
CS2884,0,1399,21,2015-03-16,2011-10-11
CS2885,0,1781,28,2015-02-14,2011-08-04
CS2886,0,897,16,2014-12-02,2011-08-15
CS2887,0,1527,25,2015-02-10,2011-06-09
CS2888,0,1792,24,2014-09-06,2011-07-27
CS2889,1,1536,22,2015-02-08,2011-07-25
CS2890,0,1308,19,2015-01-07,2011-08-01
CS2891,1,1823,24,2015-01-19,2011-05-27
CS2892,0,1181,17,2014-09-23,2011-07-10
CS2893,0,1724,24,2015-03-11,2011-06-03
CS2894,0,1377,19,2015-02-27,2011-05-25
CS2895,0,1304,21,2015-02-26,2011-08-13
CS2896,0,1845,24,2015-01-27,2011-06-14
CS2897,0,1188,16,2015-02-17,2011-05-16
CS2898,0,1336,21,2015-02-10,2011-05-18
CS2899,1,1673,24,2015-03-02,2011-06-24
CS2900,0,1954,26,2015-03-06,2011-10-23
CS2901,0,1259,19,2014-09-07,2011-10-18
CS2902,0,1961,28,2014-11-27,2011-06-27
CS2903,1,1289,17,2014-10-14,2011-06-20
CS2904,0,1869,25,2015-03-10,2011-10-25
CS2905,0,1185,17,2014-12-20,2011-09-30
CS2906,1,1935,27,2015-01-18,2011-05-29
CS2907,0,2039,29,2015-02-12,2011-05-26
CS2908,0,1061,16,2015-01-10,2011-06-23
CS2909,0,1412,19,2015-02-12,2011-10-01
CS2910,0,1345,23,2015-03-05,2011-06-22
CS2911,0,1511,21,2015-02-10,2011-05-18
CS2912,0,1361,20,2014-12-21,2011-06-15
CS2913,1,1490,21,2014-08-14,2011-06-20
CS2914,1,1792,26,2014-12-19,2011-10-19
CS2915,0,1749,24,2014-12-21,2011-07-15
CS2916,1,1514,21,2015-01-12,2011-11-29
CS2917,0,1474,20,2015-03-15,2011-07-05
CS2918,0,1741,24,2015-03-07,2011-06-08
CS2919,0,1313,18,2015-02-24,2011-06-22
CS2920,0,1419,21,2015-03-09,2011-07-09
CS2921,1,1044,16,2015-01-22,2011-07-01
CS2922,0,977,15,2015-03-11,2011-05-21
CS2923,0,966,13,2014-09-02,2011-06-05
CS2924,0,1459,21,2015-03-11,2011-06-05
CS2925,0,997,14,2015-03-14,2011-08-03
CS2926,0,986,14,2015-02-19,2011-06-02
CS2927,0,1581,25,2015-03-03,2011-06-16
CS2928,0,1243,17,2014-10-27,2011-06-19
CS2929,0,1449,22,2015-03-16,2011-06-02
CS2930,0,1955,26,2015-01-27,2011-12-21
CS2931,1,1550,21,2015-03-11,2011-06-14
CS2932,0,1228,18,2014-11-25,2011-05-16
CS2933,0,900,13,2014-10-07,2011-09-10
CS2934,0,1227,17,2015-02-27,2011-07-05
CS2935,0,1388,21,2015-03-06,2011-05-27
CS2936,0,813,13,2015-01-13,2011-05-18
CS2937,0,1394,20,2015-03-02,2011-07-17
CS2938,0,2039,30,2014-12-13,2011-05-30
CS2939,0,1227,17,2015-02-20,2011-08-31
CS2940,0,1334,21,2014-12-19,2011-06-06
CS2941,0,1077,13,2014-05-08,2011-08-24
CS2942,0,1246,17,2015-01-05,2011-08-15
CS2943,0,1306,19,2015-03-06,2012-08-09
CS2944,0,1239,17,2014-08-04,2011-08-19
CS2945,0,1911,26,2015-03-08,2011-05-18
CS2946,0,2238,31,2015-03-05,2011-10-30
CS2947,0,1348,19,2014-11-07,2011-07-16
CS2948,0,1199,17,2014-09-02,2012-02-25
CS2949,0,1581,24,2014-12-05,2011-07-06
CS2950,0,1072,16,2015-01-28,2011-06-23
CS2951,1,2382,32,2014-08-31,2011-05-20
CS2952,1,1691,25,2015-02-01,2011-07-26
CS2953,0,1093,17,2015-01-22,2011-07-04
CS2954,0,1404,17,2015-01-27,2011-07-30
CS2955,0,1191,17,2015-02-15,2011-07-20
CS2956,1,2050,29,2015-03-10,2011-06-08
CS2957,0,1251,19,2015-01-12,2011-11-06
CS2958,0,778,13,2014-11-30,2011-07-12
CS2959,0,1124,16,2015-03-02,2011-05-25
CS2960,0,1178,16,2015-02-09,2011-12-04
CS2961,0,2183,30,2015-01-22,2011-06-03
CS2962,0,1639,23,2015-03-16,2011-07-09
CS2963,0,1109,16,2014-12-25,2011-06-18
CS2964,0,1363,21,2014-12-10,2011-06-24
CS2965,0,793,13,2014-10-05,2011-07-25
CS2966,0,1143,18,2014-09-04,2011-06-22
CS2967,0,1425,21,2015-03-16,2011-06-12
CS2968,0,1649,24,2015-01-23,2011-06-11
CS2969,0,1314,18,2015-03-07,2011-10-13
CS2970,0,1496,21,2015-03-07,2011-06-01
CS2971,1,1029,16,2014-09-09,2011-06-01
CS2972,0,1301,19,2014-08-27,2011-11-07
CS2973,0,1317,19,2014-09-11,2011-06-09
CS2974,0,1368,19,2014-12-25,2011-05-31
CS2975,0,1387,22,2015-01-21,2011-05-17
CS2976,0,897,14,2014-08-25,2011-05-21
CS2977,0,1490,21,2015-03-06,2011-06-06
CS2978,0,1470,20,2014-11-17,2011-08-31
CS2979,0,1398,20,2015-03-14,2011-08-11
CS2980,0,1562,21,2014-09-30,2011-06-30
CS2981,0,1369,18,2014-11-28,2011-07-15
CS2982,0,1543,22,2014-12-24,2011-07-22
CS2983,0,1524,23,2015-03-05,2011-06-11
CS2984,0,1955,29,2015-01-24,2011-07-07
CS2985,0,1133,16,2014-08-02,2011-07-16
CS2986,0,1720,25,2014-12-26,2011-06-13
CS2987,0,1508,20,2014-12-18,2011-08-08
CS2988,0,1543,22,2015-02-26,2011-06-10
CS2989,0,1702,26,2015-03-07,2011-12-19
CS2990,1,1765,27,2014-12-12,2011-06-06
CS2991,0,1568,22,2015-03-09,2011-06-06
CS2992,1,1031,16,2014-09-28,2011-11-09
CS2993,0,1190,16,2015-01-02,2011-07-19
CS2994,0,1470,22,2015-02-02,2011-07-20
CS2995,0,794,14,2015-02-05,2011-06-28
CS2996,1,1719,25,2014-12-09,2011-09-09
CS2997,0,1503,21,2014-11-27,2011-06-08
CS2998,0,1456,21,2015-02-10,2011-06-08
CS2999,0,1262,19,2014-10-18,2011-05-30
CS3000,0,1379,20,2015-03-08,2011-09-04
CS3001,0,1193,15,2014-07-25,2011-05-27
CS3002,0,1394,22,2015-02-01,2011-05-28
CS3003,0,1213,17,2015-02-18,2011-06-17
CS3004,0,1939,24,2015-03-15,2011-06-29
CS3005,1,1740,23,2015-01-11,2011-05-18
CS3006,0,1732,24,2015-03-03,2011-05-26
CS3007,0,1127,16,2014-06-06,2011-10-24
CS3008,0,1788,24,2015-02-13,2011-05-27
CS3009,0,895,14,2015-03-09,2011-08-12
CS3010,0,1862,26,2015-03-16,2011-05-26
CS3011,0,1890,28,2014-12-14,2011-05-21
CS3012,0,1688,24,2015-02-03,2011-07-10
CS3013,0,2259,35,2015-03-09,2011-07-05
CS3014,1,1641,23,2014-12-26,2011-12-02
CS3015,0,1601,24,2015-03-04,2011-08-13
CS3016,0,634,9,2014-04-25,2011-08-29
CS3017,1,1424,19,2014-07-03,2011-07-06
CS3018,0,1190,19,2014-06-01,2011-05-25
CS3019,0,1593,23,2015-02-01,2011-05-21
CS3020,0,1486,23,2015-03-06,2011-05-20
CS3021,0,871,13,2015-01-02,2011-07-26
CS3022,0,1469,21,2015-01-17,2011-06-30
CS3023,1,1242,19,2015-01-04,2011-09-11
CS3024,0,1738,24,2014-11-06,2011-07-07
CS3025,1,960,13,2014-12-28,2011-12-30
CS3026,0,1409,21,2015-02-10,2011-07-05
CS3027,0,1345,19,2015-02-09,2011-09-08
CS3028,0,2214,31,2015-03-02,2011-07-29
CS3029,0,1705,24,2015-01-03,2011-05-24
CS3030,0,1579,23,2015-01-31,2011-06-23
CS3031,0,1407,20,2015-02-19,2011-07-09
CS3032,0,1305,17,2015-03-05,2011-05-25
CS3033,0,981,14,2014-11-09,2011-07-03
CS3034,0,1555,22,2014-12-22,2011-05-25
CS3035,0,1365,20,2014-11-11,2011-06-14
CS3036,0,1587,23,2015-02-16,2011-06-09
CS3037,0,1324,21,2015-01-24,2011-07-09
CS3038,0,1283,17,2015-02-16,2011-11-28
CS3039,0,1296,17,2015-02-20,2011-07-03
CS3040,0,1266,17,2015-02-24,2011-07-28
CS3041,0,1397,22,2015-03-11,2011-06-09
CS3042,0,936,14,2015-02-10,2011-05-19
CS3043,0,1154,17,2014-12-02,2011-07-02
CS3044,0,1576,22,2015-03-12,2011-06-09
CS3045,0,1351,18,2015-01-16,2011-06-24
CS3046,0,1631,22,2015-01-13,2011-08-03
CS3047,0,1729,25,2015-01-07,2011-05-31
CS3048,0,693,11,2015-01-29,2011-05-24
CS3049,0,1333,21,2015-03-02,2011-06-29
CS3050,0,1206,20,2014-12-06,2011-05-27
CS3051,0,1375,19,2014-11-23,2011-07-18
CS3052,1,1811,26,2015-02-04,2011-07-04
CS3053,0,1311,15,2015-01-14,2011-10-04
CS3054,0,1028,14,2015-02-23,2012-01-13
CS3055,0,1542,21,2015-01-14,2011-06-01
CS3056,0,1169,17,2014-11-10,2011-09-16
CS3057,0,924,13,2014-12-05,2011-06-22
CS3058,0,1810,25,2015-03-04,2011-06-28
CS3059,0,1349,18,2014-12-17,2011-05-17
CS3060,0,1763,24,2014-11-28,2011-07-31
CS3061,0,1749,23,2015-01-13,2011-06-01
CS3062,0,1546,21,2015-01-18,2011-05-24
CS3063,0,919,14,2014-12-01,2011-10-21
CS3064,0,1425,22,2014-02-28,2011-06-06
CS3065,0,967,16,2014-11-07,2011-10-08
CS3066,0,1273,19,2014-12-24,2011-09-27
CS3067,0,1450,22,2015-02-27,2011-05-20
CS3068,0,1181,18,2015-01-21,2011-10-25
CS3069,0,1487,22,2015-01-28,2011-05-26
CS3070,0,1433,21,2015-01-25,2011-06-09
CS3071,0,1642,23,2015-02-22,2011-05-26
CS3072,0,1154,18,2015-01-16,2011-06-20
CS3073,0,1940,27,2015-02-13,2011-05-18
CS3074,0,1794,22,2015-01-08,2011-05-24
CS3075,0,1261,19,2015-03-13,2011-10-30
CS3076,0,1605,21,2015-02-21,2011-05-24
CS3077,0,1977,29,2015-01-05,2011-07-22
CS3078,0,1021,17,2015-03-10,2011-10-14
CS3079,1,1535,24,2014-11-03,2011-05-18
CS3080,0,1596,24,2015-03-03,2011-05-19
CS3081,0,1472,21,2014-12-15,2011-05-28
CS3082,1,1400,21,2014-12-27,2011-07-31
CS3083,0,1069,17,2015-01-02,2011-05-30
CS3084,0,904,12,2014-05-19,2011-09-11
CS3085,0,1618,23,2014-11-21,2011-06-05
CS3086,1,1561,23,2015-02-04,2011-06-10
CS3087,0,1007,16,2014-12-27,2011-12-09
CS3088,0,1106,16,2014-09-03,2011-07-06
CS3089,0,1050,14,2014-11-23,2011-05-29
CS3090,1,1198,18,2014-12-26,2011-09-24
CS3091,0,881,14,2014-10-08,2011-10-20
CS3092,0,1594,21,2014-12-22,2011-06-06
CS3093,0,1383,21,2015-02-16,2011-08-14
CS3094,0,1121,15,2014-06-18,2011-06-15
CS3095,0,1634,24,2014-11-04,2011-06-27
CS3096,0,1325,18,2015-01-24,2011-12-28
CS3097,0,1296,19,2014-09-30,2011-08-23
CS3098,0,1359,21,2014-08-24,2011-06-01
CS3099,0,1112,17,2014-11-27,2011-06-20
CS3100,0,1437,18,2015-03-03,2011-05-21
CS3101,0,2106,30,2015-03-09,2011-06-14
CS3102,0,1031,14,2014-11-21,2011-05-24
CS3103,0,1006,16,2015-03-13,2011-06-22
CS3104,0,1174,17,2014-10-11,2011-05-23
CS3105,1,1432,21,2015-02-21,2011-07-31
CS3106,0,1270,18,2014-10-19,2011-07-03
CS3107,0,1233,17,2015-02-15,2011-08-20
CS3108,0,1032,16,2014-06-22,2011-06-22
CS3109,1,1402,20,2015-03-09,2011-06-16
CS3110,0,1279,19,2014-11-15,2011-06-16
CS3111,0,1644,21,2014-08-18,2011-06-02
CS3112,1,1225,20,2014-11-16,2011-05-26
CS3113,0,937,12,2014-11-18,2011-06-08
CS3114,0,1173,18,2014-09-26,2012-10-21
CS3115,0,1074,15,2015-02-24,2011-07-09
CS3116,1,1918,25,2015-02-22,2011-05-26
CS3117,0,1562,23,2014-11-02,2011-07-31
CS3118,0,1436,22,2015-03-02,2011-11-30
CS3119,0,1642,22,2015-01-07,2011-06-05
CS3120,0,808,12,2015-01-28,2011-06-26
CS3121,0,1694,23,2015-03-10,2012-02-10
CS3122,0,1519,23,2015-02-13,2011-05-19
CS3123,0,1543,23,2015-03-03,2011-11-20
CS3124,0,1335,19,2014-11-17,2011-07-06
CS3125,0,1116,14,2015-01-06,2011-06-07
CS3126,1,1304,20,2014-10-11,2011-06-08
CS3127,0,1665,26,2015-03-16,2011-06-08
CS3128,0,1472,23,2014-12-19,2011-05-16
CS3129,0,1894,27,2015-03-10,2011-07-10
CS3130,0,1674,24,2015-02-23,2011-09-10
CS3131,0,2060,28,2015-03-10,2011-06-08
CS3132,0,1719,22,2015-03-12,2011-07-26
CS3133,0,892,14,2014-08-20,2011-09-13
CS3134,1,1203,19,2014-10-26,2011-06-03
CS3135,0,1097,16,2014-10-31,2011-11-09
CS3136,1,1629,24,2015-01-08,2011-06-08
CS3137,0,1201,17,2015-03-10,2011-10-05
CS3138,0,999,16,2014-10-27,2011-06-02
CS3139,0,1673,23,2015-03-03,2011-10-09
CS3140,0,852,12,2014-08-22,2011-10-25
CS3141,0,1772,25,2015-01-29,2011-07-27
CS3142,0,1463,19,2015-02-15,2011-06-11
CS3143,0,1432,23,2015-02-01,2011-07-03
CS3144,0,1808,25,2015-02-13,2011-07-18
CS3145,0,1339,21,2015-02-16,2011-06-20
CS3146,0,1316,18,2015-03-10,2011-07-16
CS3147,1,1211,17,2014-10-09,2011-07-05
CS3148,0,1474,20,2014-06-16,2011-05-16
CS3149,0,783,12,2015-01-28,2011-07-29
CS3150,0,1149,16,2015-02-26,2011-08-04
CS3151,0,1275,18,2015-01-02,2011-07-26
CS3152,0,924,15,2014-12-15,2011-11-17
CS3153,0,1331,18,2014-10-09,2011-06-07
CS3154,0,1478,22,2014-12-08,2011-06-19
CS3155,0,1858,25,2015-01-14,2011-06-05
CS3156,0,1624,24,2014-11-07,2011-06-13
CS3157,0,1686,22,2015-01-19,2011-07-14
CS3158,0,1229,17,2014-11-25,2011-08-10
CS3159,0,1462,20,2015-02-04,2011-06-12
CS3160,0,1019,16,2014-11-19,2011-06-17
CS3161,0,1253,18,2015-01-12,2012-01-12
CS3162,0,998,17,2015-02-28,2011-07-25
CS3163,0,2413,31,2015-01-12,2011-07-29
CS3164,0,1916,29,2014-11-27,2011-06-21
CS3165,0,2202,30,2014-11-21,2011-05-23
CS3166,0,1697,25,2015-03-02,2011-06-01
CS3167,0,1345,18,2014-12-24,2012-07-28
CS3168,0,962,14,2015-02-14,2012-02-01
CS3169,0,1061,14,2015-01-30,2011-06-24
CS3170,0,1178,18,2014-10-30,2011-05-23
CS3171,0,1205,16,2014-11-23,2011-08-06
CS3172,0,1465,22,2014-12-28,2011-07-15
CS3173,0,1085,17,2015-03-06,2011-07-24
CS3174,0,1581,23,2015-01-25,2011-05-30
CS3175,0,954,13,2015-01-20,2011-10-14
CS3176,0,895,16,2015-03-06,2012-07-08
CS3177,0,1246,18,2015-01-30,2011-06-08
CS3178,0,1543,21,2015-02-01,2011-06-12
CS3179,0,1572,24,2015-01-13,2011-06-01
CS3180,1,1911,25,2014-11-17,2011-12-18
CS3181,0,1593,22,2014-08-18,2011-05-29
CS3182,0,1630,25,2015-02-20,2011-05-29
CS3183,0,1370,21,2015-01-02,2011-09-07
CS3184,0,1578,20,2015-02-20,2011-06-05
CS3185,0,939,13,2014-10-14,2011-06-12
CS3186,0,1581,21,2014-12-15,2011-07-02
CS3187,0,1487,21,2015-01-30,2011-07-08
CS3188,0,1188,18,2014-12-17,2011-07-24
CS3189,0,1652,24,2015-02-01,2011-07-26
CS3190,0,1684,23,2015-01-18,2011-06-11
CS3191,0,1478,23,2015-01-21,2011-09-12
CS3192,0,891,12,2014-12-27,2012-01-06
CS3193,0,1288,19,2015-03-15,2011-09-24
CS3194,0,1459,22,2015-02-28,2011-05-18
CS3195,0,1743,27,2015-03-01,2011-05-21
CS3196,0,1540,22,2014-12-19,2011-06-02
CS3197,0,1176,16,2014-10-27,2011-07-02
CS3198,0,1742,24,2015-02-19,2011-06-03
CS3199,0,1542,24,2015-01-30,2011-06-03
CS3200,0,1015,14,2014-10-22,2011-09-21
CS3201,0,2014,26,2014-12-16,2011-05-19
CS3202,0,1565,21,2015-01-14,2011-05-17
CS3203,0,1319,18,2014-12-13,2011-07-22
CS3204,0,1154,19,2015-01-20,2011-06-29
CS3205,0,1522,23,2015-03-16,2011-12-10
CS3206,0,1256,18,2015-03-14,2011-05-19
CS3207,1,1322,20,2015-02-09,2011-12-29
CS3208,0,1123,15,2014-08-16,2011-07-26
CS3209,0,1707,23,2015-01-22,2011-07-19
CS3210,0,1772,24,2015-01-31,2011-06-17
CS3211,0,741,11,2015-02-08,2011-07-20
CS3212,0,1689,21,2014-11-17,2011-05-27
CS3213,0,1446,24,2014-10-19,2011-06-05
CS3214,0,1464,21,2014-12-29,2011-06-22
CS3215,1,1128,16,2015-01-14,2011-06-21
CS3216,0,1597,22,2015-01-15,2011-08-03
CS3217,0,1506,19,2015-03-11,2011-10-15
CS3218,0,1717,22,2015-03-10,2011-05-20
CS3219,0,1654,23,2015-01-12,2011-07-28
CS3220,0,1429,20,2015-03-15,2011-08-02
CS3221,0,2159,28,2014-10-19,2011-06-29
CS3222,0,1828,25,2015-03-02,2011-06-02
CS3223,0,1699,24,2014-10-09,2011-08-28
CS3224,0,1751,26,2015-01-31,2011-08-30
CS3225,0,1204,16,2014-10-11,2011-08-28
CS3226,0,1183,17,2014-07-20,2011-09-19
CS3227,0,1545,21,2014-11-30,2011-06-19
CS3228,1,2047,28,2014-12-05,2011-10-15
CS3229,0,1754,27,2015-02-01,2011-05-21
CS3230,0,1222,19,2014-11-17,2011-07-05
CS3231,0,1314,19,2014-12-20,2011-07-13
CS3232,1,1562,21,2014-12-31,2011-06-01
CS3233,0,1177,16,2015-02-23,2011-08-22
CS3234,1,1707,26,2015-03-12,2011-09-24
CS3235,0,790,13,2015-01-18,2012-06-16
CS3236,0,995,15,2015-03-13,2011-07-12
CS3237,0,1545,22,2015-02-24,2011-08-11
CS3238,0,1529,21,2015-03-16,2011-08-14
CS3239,0,769,13,2014-10-02,2011-07-28
CS3240,0,1016,16,2014-11-28,2011-08-17
CS3241,0,1257,17,2014-11-28,2011-05-28
CS3242,0,1843,24,2015-01-21,2011-08-15
CS3243,0,1358,18,2014-12-23,2011-05-29
CS3244,1,1095,15,2014-08-15,2011-06-05
CS3245,1,1321,20,2014-11-02,2011-05-27
CS3246,0,1012,15,2015-02-25,2011-08-10
CS3247,0,1597,21,2014-10-17,2011-08-24
CS3248,0,823,14,2015-01-20,2012-01-11
CS3249,1,1868,28,2015-01-08,2011-05-24
CS3250,0,1217,18,2015-01-13,2011-05-29
CS3251,0,1162,18,2015-03-09,2011-05-31
CS3252,0,1039,15,2015-02-14,2011-05-21
CS3253,0,1241,19,2014-12-28,2011-05-26
CS3254,0,1443,21,2015-01-21,2011-06-25
CS3255,1,1197,19,2014-12-31,2011-05-24
CS3256,1,1384,20,2014-10-05,2012-02-07
CS3257,0,1135,16,2015-01-19,2011-06-14
CS3258,0,1348,20,2014-12-05,2011-06-04
CS3259,1,1674,23,2015-01-27,2011-06-23
CS3260,1,1654,21,2015-02-06,2011-06-30
CS3261,0,1047,16,2014-04-30,2011-06-23
CS3262,0,1555,22,2015-02-26,2011-09-17
CS3263,0,1415,20,2015-01-15,2011-09-21
CS3264,0,1271,17,2015-02-09,2011-06-15
CS3265,0,1292,20,2014-11-05,2011-07-08
CS3266,0,973,16,2014-07-15,2011-06-28
CS3267,0,1393,20,2015-01-02,2011-05-27
CS3268,0,1685,22,2014-10-20,2011-07-01
CS3269,0,882,13,2014-11-01,2011-06-09
CS3270,0,2349,33,2015-03-13,2011-08-20
CS3271,0,1747,26,2015-02-04,2011-06-17
CS3272,0,1393,19,2015-01-20,2011-05-30
CS3273,0,1190,18,2015-03-12,2011-05-23
CS3274,0,1824,26,2015-01-28,2011-06-05
CS3275,0,1126,18,2015-03-12,2011-09-04
CS3276,0,1626,24,2015-02-24,2011-06-08
CS3277,0,1431,20,2015-01-16,2011-07-23
CS3278,0,1866,27,2015-03-03,2011-08-11
CS3279,0,1331,21,2015-03-15,2011-05-17
CS3280,1,1253,18,2015-01-04,2011-05-18
CS3281,1,961,15,2014-12-03,2011-06-30
CS3282,0,1239,17,2015-02-17,2011-05-20
CS3283,0,1338,20,2015-01-06,2011-06-29
CS3284,0,1139,17,2015-02-11,2011-08-02
CS3285,0,1619,21,2014-08-22,2011-06-12
CS3286,0,1150,18,2014-12-29,2011-06-13
CS3287,0,1297,19,2015-02-21,2011-09-01
CS3288,0,1496,21,2014-08-17,2011-07-02
CS3289,0,1963,26,2015-01-06,2011-06-16
CS3290,0,1639,23,2015-01-18,2011-07-30
CS3291,0,1994,26,2015-02-17,2011-07-26
CS3292,0,1592,21,2015-02-09,2011-06-21
CS3293,0,1000,14,2014-10-28,2011-07-08
CS3294,0,1225,18,2015-03-16,2011-08-24
CS3295,1,1655,23,2015-01-07,2011-08-05
CS3296,0,1560,24,2015-02-06,2011-06-18
CS3297,0,979,15,2014-11-10,2012-02-24
CS3298,0,1574,23,2015-03-16,2011-09-04
CS3299,0,1509,23,2014-12-08,2011-06-02
CS3300,0,966,16,2015-03-08,2011-06-07
CS3301,0,1668,25,2014-12-27,2011-07-16
CS3302,0,1702,24,2015-02-13,2011-07-29
CS3303,0,834,13,2014-12-29,2011-06-28
CS3304,0,1634,24,2014-09-23,2011-05-21
CS3305,0,1549,23,2015-02-18,2011-06-01
CS3306,0,1018,14,2015-02-25,2011-06-23
CS3307,0,1037,13,2015-01-14,2011-08-29
CS3308,0,975,14,2015-01-31,2011-08-16
CS3309,0,1159,16,2015-01-13,2011-09-06
CS3310,0,1595,22,2014-12-10,2011-05-21
CS3311,0,1850,26,2015-02-04,2011-05-24
CS3312,0,937,13,2014-09-07,2011-05-19
CS3313,1,1561,23,2015-01-08,2011-10-01
CS3314,0,1048,15,2015-02-20,2011-07-26
CS3315,0,1805,26,2015-03-01,2011-08-26
CS3316,0,1176,16,2015-03-16,2011-06-17
CS3317,0,565,8,2015-03-09,2012-05-17
CS3318,1,1437,19,2014-08-27,2011-07-14
CS3319,0,833,14,2015-01-28,2011-07-27
CS3320,0,928,14,2015-02-07,2011-08-19
CS3321,0,1487,22,2015-03-13,2011-09-24
CS3322,0,1814,23,2015-01-27,2011-06-16
CS3323,0,1145,17,2014-12-28,2011-10-03
CS3324,0,1905,27,2015-02-24,2011-08-18
CS3325,0,1194,19,2014-11-08,2011-05-26
CS3326,0,1588,23,2015-01-05,2011-08-05
CS3327,0,1843,26,2014-08-20,2011-07-27
CS3328,0,1260,18,2015-01-16,2011-08-10
CS3329,0,1164,18,2014-10-04,2011-06-05
CS3330,0,1490,23,2015-01-27,2011-05-29
CS3331,0,1124,16,2014-06-25,2011-06-15
CS3332,0,1441,18,2015-01-19,2011-06-03
CS3333,0,1300,18,2015-01-23,2011-11-19
CS3334,0,1339,20,2015-02-11,2011-08-26
CS3335,0,1651,22,2015-03-14,2011-05-20
CS3336,0,1167,17,2015-03-05,2011-12-04
CS3337,0,1579,25,2014-09-28,2011-05-30
CS3338,0,1092,16,2015-02-03,2011-11-12
CS3339,0,1966,26,2015-03-02,2011-06-23
CS3340,1,1399,21,2015-02-21,2011-07-13
CS3341,0,970,15,2015-01-31,2011-08-30
CS3342,0,1348,18,2015-02-21,2011-06-25
CS3343,0,1600,24,2014-12-01,2011-10-09
CS3344,0,769,11,2014-09-23,2011-07-05
CS3345,0,1399,19,2015-01-06,2011-07-06
CS3346,0,1430,18,2014-07-19,2011-07-07
CS3347,1,1297,19,2014-12-21,2011-06-14
CS3348,0,2024,28,2015-02-23,2011-10-13
CS3349,0,1483,20,2014-12-21,2011-06-12
CS3350,0,1300,18,2015-03-11,2011-11-29
CS3351,0,1370,20,2014-12-27,2011-05-26
CS3352,0,1190,16,2015-01-26,2011-08-20
CS3353,0,1823,26,2015-03-09,2011-06-16
CS3354,0,963,16,2015-02-03,2011-08-25
CS3355,0,2118,30,2015-02-23,2011-06-04
CS3356,0,2221,31,2015-01-10,2011-08-01
CS3357,0,1482,22,2014-11-08,2011-05-25
CS3358,0,1613,23,2014-04-19,2011-05-22
CS3359,0,1712,25,2015-03-06,2011-06-21
CS3360,0,1410,22,2014-10-13,2011-06-11
CS3361,1,1225,17,2014-10-17,2011-07-20
CS3362,1,2303,30,2014-11-13,2011-05-29
CS3363,0,1570,23,2014-12-11,2011-12-29
CS3364,1,1082,15,2015-01-02,2011-06-01
CS3365,0,1747,23,2014-10-13,2011-06-02
CS3366,0,1869,24,2015-02-08,2011-05-16
CS3367,0,1274,16,2015-01-31,2011-06-12
CS3368,1,1658,26,2015-02-19,2011-05-21
CS3369,0,1731,25,2015-01-30,2011-06-21
CS3370,0,616,9,2015-03-12,2011-11-05
CS3371,0,1820,25,2015-01-14,2011-05-28
CS3372,0,1642,23,2015-03-05,2011-08-26
CS3373,0,1597,25,2015-03-16,2011-06-01
CS3374,0,1195,18,2015-01-10,2011-05-21
CS3375,0,1159,18,2015-01-06,2011-05-22
CS3376,0,1149,18,2015-02-23,2011-06-12
CS3377,0,1892,23,2015-01-15,2011-05-23
CS3378,0,749,10,2014-12-10,2013-05-14
CS3379,0,1078,14,2014-12-04,2011-07-21
CS3380,0,1114,15,2014-11-24,2011-10-20
CS3381,0,982,14,2014-10-07,2011-05-28
CS3382,0,1666,24,2015-03-04,2011-05-28
CS3383,0,1764,26,2015-03-01,2011-07-29
CS3384,0,1526,21,2015-03-07,2011-05-31
CS3385,0,778,13,2015-01-19,2011-10-27
CS3386,1,1430,20,2014-09-24,2011-05-18
CS3387,0,1064,13,2015-02-20,2011-06-24
CS3388,0,1337,22,2015-02-15,2011-09-16
CS3389,0,1132,16,2014-11-07,2011-08-26
CS3390,0,1208,17,2015-01-07,2011-06-05
CS3391,0,1459,19,2014-11-21,2011-05-29
CS3392,0,1169,16,2014-12-03,2011-06-12
CS3393,0,976,14,2015-02-26,2011-11-03
CS3394,0,1365,17,2014-12-28,2011-10-05
CS3395,0,637,11,2015-02-15,2011-06-01
CS3396,0,1102,17,2015-02-17,2011-07-09
CS3397,0,1406,20,2015-01-07,2011-05-23
CS3398,1,1581,21,2015-02-14,2011-10-25
CS3399,0,1206,17,2014-07-20,2011-08-01
CS3400,0,1615,24,2015-02-27,2011-09-04
CS3401,1,1460,20,2015-03-09,2011-05-26
CS3402,0,1246,18,2014-12-12,2011-09-05
CS3403,0,1536,22,2015-03-10,2011-07-22
CS3404,0,1545,21,2015-03-03,2011-06-30
CS3405,0,837,12,2015-01-04,2011-06-21
CS3406,1,1506,23,2015-01-10,2011-05-18
CS3407,0,1025,15,2015-01-14,2011-12-05
CS3408,0,1515,21,2015-03-10,2011-06-27
CS3409,1,2106,27,2015-02-13,2011-07-14
CS3410,0,1942,26,2015-03-10,2011-06-11
CS3411,0,1556,21,2015-03-02,2011-08-04
CS3412,0,1349,18,2014-11-07,2011-07-05
CS3413,0,936,13,2015-03-10,2011-06-29
CS3414,0,2105,28,2015-01-19,2011-05-29
CS3415,1,1682,22,2015-03-07,2011-07-30
CS3416,0,1441,20,2015-02-23,2011-06-27
CS3417,0,1954,29,2015-03-10,2011-06-03
CS3418,0,1200,17,2015-02-07,2011-07-18
CS3419,0,1635,22,2015-02-04,2011-07-19
CS3420,0,1768,28,2015-03-11,2011-10-06
CS3421,0,1617,24,2015-02-26,2011-07-29
CS3422,0,930,14,2014-06-11,2011-06-18
CS3423,0,1165,17,2015-02-18,2011-07-31
CS3424,0,1219,17,2015-02-18,2011-08-07
CS3425,0,1366,20,2015-02-22,2011-08-04
CS3426,0,1896,28,2015-01-29,2011-10-29
CS3427,0,1174,16,2015-03-02,2011-08-10
CS3428,0,1553,22,2014-10-25,2011-07-01
CS3429,1,1599,22,2014-10-20,2011-05-25
CS3430,0,1006,15,2015-01-12,2011-09-28
CS3431,0,1661,22,2014-11-19,2011-06-21
CS3432,0,1092,16,2015-01-06,2011-07-08
CS3433,0,1354,20,2015-02-25,2011-06-10
CS3434,0,1429,21,2014-09-17,2011-06-25
CS3435,0,1041,16,2015-02-03,2011-10-18
CS3436,0,1256,17,2014-11-23,2011-09-28
CS3437,0,1329,17,2015-02-06,2012-04-16
CS3438,1,1175,17,2014-08-28,2011-12-05
CS3439,1,1320,21,2015-02-02,2011-11-17
CS3440,0,1905,29,2015-03-04,2011-09-25
CS3441,0,1721,26,2014-12-25,2011-06-23
CS3442,0,1850,26,2015-03-07,2011-05-22
CS3443,0,1113,16,2014-10-18,2011-08-01
CS3444,0,1453,20,2015-01-13,2011-10-17
CS3445,0,839,13,2014-07-20,2011-11-16
CS3446,0,837,12,2015-02-27,2011-08-24
CS3447,0,1810,24,2014-12-16,2011-05-27
CS3448,0,1640,21,2015-02-03,2011-05-16
CS3449,0,1048,16,2015-01-14,2011-05-27
CS3450,0,1690,23,2014-09-30,2011-06-24
CS3451,0,1736,23,2015-03-03,2011-07-31
CS3452,0,1714,24,2015-03-03,2011-05-31
CS3453,1,1726,25,2015-02-16,2011-06-13
CS3454,0,1434,21,2015-02-09,2011-05-27
CS3455,0,1292,21,2014-05-29,2011-06-09
CS3456,1,1679,23,2015-01-08,2011-05-29
CS3457,0,1048,14,2015-02-09,2011-05-19
CS3458,0,1141,17,2015-03-13,2011-06-29
CS3459,0,1361,21,2015-01-15,2011-08-27
CS3460,0,1440,19,2015-01-22,2011-09-19
CS3461,0,997,15,2015-02-06,2011-12-16
CS3462,0,1843,24,2014-12-11,2011-08-26
CS3463,0,1500,21,2015-01-07,2011-09-02
CS3464,0,1321,20,2015-02-16,2011-08-07
CS3465,0,1286,20,2015-02-11,2011-05-27
CS3466,0,1429,21,2015-03-05,2011-06-21
CS3467,0,813,12,2014-11-11,2011-08-01
CS3468,1,1830,24,2015-01-10,2011-07-19
CS3469,0,1516,22,2014-12-24,2011-06-05
CS3470,0,2035,30,2015-01-13,2011-05-16
CS3471,0,1538,21,2014-11-10,2011-06-27
CS3472,0,1115,17,2015-01-02,2011-06-23
CS3473,1,1406,20,2015-01-09,2011-07-09
CS3474,0,1113,17,2014-12-22,2011-06-11
CS3475,1,1811,25,2015-01-11,2011-06-15
CS3476,0,1322,18,2014-12-29,2011-06-02
CS3477,0,1978,31,2015-01-06,2011-07-10
CS3478,0,1391,21,2015-03-08,2011-07-11
CS3479,0,1015,14,2015-03-01,2011-06-06
CS3480,0,1890,27,2015-03-10,2011-07-22
CS3481,0,1601,24,2015-03-05,2011-08-01
CS3482,0,1208,17,2014-12-25,2011-09-12
CS3483,0,1977,29,2014-11-20,2011-05-17
CS3484,0,867,13,2014-10-14,2011-08-20
CS3485,1,1633,25,2014-09-19,2011-07-23
CS3486,0,1147,16,2014-10-12,2011-07-30
CS3487,0,703,9,2014-04-05,2011-05-25
CS3488,0,1490,22,2015-02-01,2011-06-20
CS3489,0,1357,19,2015-02-14,2011-09-11
CS3490,0,1155,18,2015-03-09,2011-05-20
CS3491,0,1165,18,2015-02-25,2011-06-17
CS3492,0,1826,26,2015-03-08,2011-07-22
CS3493,0,1397,20,2014-09-26,2011-07-18
CS3494,0,1074,15,2014-12-30,2011-08-14
CS3495,1,1326,19,2014-10-16,2012-02-01
CS3496,0,1254,16,2015-02-09,2011-06-24
CS3497,0,900,11,2014-12-10,2011-08-29
CS3498,0,1480,22,2015-03-05,2011-07-24
CS3499,0,1330,21,2015-01-09,2011-06-05
CS3500,0,1495,21,2015-02-12,2011-10-18
CS3501,1,2083,27,2015-03-06,2011-06-13
CS3502,0,1057,17,2014-11-25,2011-06-04
CS3503,0,1143,17,2015-02-10,2011-07-08
CS3504,1,2207,30,2015-03-07,2011-06-28
CS3505,1,1627,23,2015-01-08,2011-07-25
CS3506,0,906,14,2014-09-02,2011-05-24
CS3507,0,1054,15,2015-02-24,2011-05-19
CS3508,0,1453,20,2015-01-30,2011-06-25
CS3509,0,2151,28,2015-01-24,2011-08-24
CS3510,0,1603,23,2015-01-11,2011-06-26
CS3511,0,1390,20,2015-03-08,2011-07-28
CS3512,0,1215,16,2015-03-08,2011-07-25
CS3513,0,1154,15,2014-11-01,2011-06-14
CS3514,1,1532,20,2015-01-14,2011-08-02
CS3515,0,1679,25,2015-01-31,2011-05-27
CS3516,0,941,14,2015-02-26,2011-10-12
CS3517,0,1654,24,2015-03-15,2011-05-21
CS3518,0,1560,25,2015-03-07,2011-07-23
CS3519,0,1668,22,2015-02-03,2011-06-01
CS3520,0,1678,24,2015-02-03,2011-07-10
CS3521,0,1506,21,2014-11-30,2011-12-05
CS3522,0,742,11,2014-12-09,2011-08-07
CS3523,0,1089,17,2015-03-08,2011-08-22
CS3524,0,1475,22,2015-02-03,2011-07-15
CS3525,0,1269,17,2015-01-18,2011-07-17
CS3526,0,1583,24,2015-03-06,2011-10-05
CS3527,0,1031,17,2015-02-01,2011-08-30
CS3528,0,1407,21,2014-11-02,2011-06-01
CS3529,0,1465,21,2014-11-24,2011-07-13
CS3530,1,2186,30,2014-11-25,2011-07-25
CS3531,0,1611,22,2015-02-10,2011-06-03
CS3532,0,1007,14,2014-07-01,2011-06-09
CS3533,0,1406,19,2015-01-20,2011-06-17
CS3534,0,1095,15,2015-01-23,2011-08-12
CS3535,0,1281,19,2014-12-19,2011-05-28
CS3536,0,1689,21,2014-12-10,2011-09-21
CS3537,0,1029,15,2014-04-22,2011-06-23
CS3538,0,934,12,2015-02-06,2011-07-21
CS3539,0,1406,19,2015-03-08,2011-06-14
CS3540,0,1646,23,2015-03-04,2011-07-26
CS3541,1,1932,26,2015-02-10,2011-07-30
CS3542,0,1595,21,2014-11-26,2011-07-22
CS3543,0,1676,24,2015-02-01,2011-05-17
CS3544,0,1444,20,2015-01-11,2011-07-14
CS3545,0,1368,20,2015-02-11,2011-05-25
CS3546,0,1130,16,2014-12-25,2011-06-12
CS3547,0,1531,21,2015-02-20,2011-10-19
CS3548,0,1398,19,2015-02-07,2011-06-08
CS3549,0,1441,19,2015-03-04,2011-08-25
CS3550,0,1403,20,2015-01-01,2011-05-17
CS3551,0,1205,18,2015-03-15,2011-07-25
CS3552,0,1467,21,2015-03-14,2012-06-13
CS3553,0,1098,14,2015-03-11,2011-10-04
CS3554,0,1305,17,2015-02-06,2011-06-01
CS3555,0,1194,18,2014-11-20,2011-08-10
CS3556,1,853,13,2014-11-16,2011-07-17
CS3557,0,1872,24,2015-03-10,2011-05-23
CS3558,0,1449,20,2015-03-04,2011-05-21
CS3559,0,1536,23,2015-02-24,2011-06-15
CS3560,0,1473,20,2015-03-14,2011-06-14
CS3561,0,1967,28,2015-02-04,2011-05-26
CS3562,0,1274,16,2014-12-16,2011-07-20
CS3563,0,1486,21,2015-03-01,2011-08-07
CS3564,0,1330,20,2015-01-24,2011-06-17
CS3565,0,876,13,2015-02-19,2011-05-23
CS3566,0,1505,21,2015-03-02,2011-06-19
CS3567,0,1044,15,2014-10-16,2011-05-21
CS3568,0,1863,26,2015-01-30,2011-11-23
CS3569,0,1668,23,2015-02-13,2011-06-23
CS3570,0,1550,23,2015-03-15,2011-07-19
CS3571,0,1276,19,2015-01-23,2011-07-26
CS3572,1,1323,19,2014-08-04,2011-05-18
CS3573,0,952,13,2014-07-10,2011-05-20
CS3574,0,1482,22,2015-02-27,2011-09-06
CS3575,0,1069,16,2015-02-28,2011-08-07
CS3576,0,1414,20,2015-01-07,2011-06-07
CS3577,0,1388,20,2015-02-25,2011-09-14
CS3578,0,1063,16,2014-11-19,2011-08-10
CS3579,0,1566,24,2014-12-29,2011-07-12
CS3580,0,1413,19,2014-01-16,2011-06-21
CS3581,0,1350,20,2015-01-15,2011-08-17
CS3582,0,1459,20,2014-09-26,2012-04-03
CS3583,0,1084,17,2015-02-09,2011-05-19
CS3584,0,1564,20,2015-02-22,2011-06-15
CS3585,0,1096,15,2015-02-08,2012-03-03
CS3586,0,1675,23,2015-01-23,2011-05-16
CS3587,0,1466,21,2014-12-06,2011-09-18
CS3588,0,1815,25,2015-02-13,2011-05-20
CS3589,0,1388,20,2015-01-04,2011-06-28
CS3590,0,1067,16,2015-01-04,2011-08-10
CS3591,0,1757,28,2015-01-05,2011-06-24
CS3592,0,1804,27,2015-03-05,2011-07-23
CS3593,0,1649,23,2015-03-07,2011-09-30
CS3594,1,1999,26,2015-01-10,2011-06-03
CS3595,1,1293,19,2015-03-10,2011-09-16
CS3596,0,1601,22,2015-03-03,2011-05-29
CS3597,1,1618,23,2015-01-13,2011-05-20
CS3598,0,1398,20,2014-12-12,2011-08-19
CS3599,0,1375,20,2015-01-11,2011-06-03
CS3600,0,1138,17,2014-12-05,2011-08-29
CS3601,0,768,11,2014-12-05,2011-06-09
CS3602,0,1566,20,2015-02-27,2011-06-22
CS3603,0,1050,16,2015-01-24,2011-12-15
CS3604,0,1175,19,2015-03-06,2011-07-27
CS3605,0,998,16,2015-01-13,2011-12-04
CS3606,0,1150,16,2015-02-18,2011-05-26
CS3607,0,1432,20,2015-03-01,2011-06-24
CS3608,1,1159,17,2014-11-19,2011-06-14
CS3609,0,1202,18,2015-02-07,2011-08-21
CS3610,0,1910,28,2015-02-21,2011-06-15
CS3611,0,1729,22,2015-02-13,2011-09-08
CS3612,0,1650,26,2015-01-14,2011-07-25
CS3613,0,1397,18,2014-12-14,2011-06-03
CS3614,0,1328,20,2015-01-19,2011-06-02
CS3615,0,2263,31,2015-01-21,2011-06-28
CS3616,0,1023,15,2015-01-19,2011-10-27
CS3617,0,1606,22,2015-02-21,2011-08-20
CS3618,0,1539,23,2014-10-28,2011-09-29
CS3619,0,1740,25,2015-03-12,2011-06-03
CS3620,0,1518,22,2015-02-25,2011-07-03
CS3621,0,1885,28,2014-12-27,2011-07-19
CS3622,0,1760,24,2015-03-03,2011-09-11
CS3623,0,1539,22,2015-01-16,2011-05-20
CS3624,0,1613,23,2014-10-12,2011-05-17
CS3625,0,1087,16,2015-01-09,2011-09-04
CS3626,0,1521,23,2015-01-01,2011-07-04
CS3627,0,1259,19,2014-11-30,2011-11-15
CS3628,0,1296,21,2015-01-30,2011-07-01
CS3629,0,1364,20,2015-03-15,2011-09-23
CS3630,0,1821,25,2015-02-23,2011-05-29
CS3631,1,1481,22,2015-02-12,2011-05-16
CS3632,0,1947,27,2015-03-13,2011-06-19
CS3633,0,1263,17,2014-12-13,2011-05-21
CS3634,0,1008,15,2014-12-12,2011-11-25
CS3635,0,1559,22,2015-02-03,2011-05-28
CS3636,0,932,14,2015-03-05,2011-11-05
CS3637,0,1752,25,2015-02-08,2011-06-04
CS3638,0,868,13,2015-01-25,2011-06-18
CS3639,0,1396,20,2015-03-09,2011-05-22
CS3640,0,1117,17,2015-02-07,2011-07-11
CS3641,0,1454,21,2015-02-08,2011-05-29
CS3642,1,977,14,2014-08-07,2011-08-10
CS3643,0,1153,18,2015-01-10,2011-06-24
CS3644,0,1188,18,2015-02-11,2011-05-30
CS3645,1,1887,27,2015-02-07,2011-09-30
CS3646,0,1494,22,2015-01-06,2011-05-21
CS3647,0,1223,19,2015-03-03,2011-05-22
CS3648,0,1054,17,2015-03-13,2011-10-16
CS3649,0,1450,21,2015-02-26,2011-05-22
CS3650,0,1353,20,2014-11-08,2011-07-09
CS3651,0,1285,18,2014-09-19,2011-05-22
CS3652,0,1362,19,2015-02-07,2011-09-21
CS3653,0,1456,22,2015-02-17,2011-07-05
CS3654,0,1627,19,2015-02-05,2011-05-26
CS3655,1,1428,22,2015-01-29,2011-05-22
CS3656,0,1237,17,2014-06-12,2011-05-21
CS3657,0,1560,22,2015-01-23,2011-07-21
CS3658,1,1732,27,2015-01-29,2011-11-05
CS3659,0,1529,21,2015-02-15,2011-07-15
CS3660,0,1148,16,2015-02-06,2011-06-03
CS3661,0,1614,24,2015-03-09,2011-06-24
CS3662,0,1721,23,2015-02-04,2011-05-29
CS3663,0,1177,17,2015-02-01,2011-11-12
CS3664,0,1462,20,2015-03-06,2011-05-16
CS3665,1,1040,14,2014-12-28,2012-10-13
CS3666,0,1333,19,2014-10-19,2011-06-04
CS3667,0,1286,19,2015-02-17,2012-09-08
CS3668,0,1276,17,2014-11-02,2011-09-06
CS3669,0,1109,15,2015-03-09,2011-06-26
CS3670,0,1344,20,2015-02-24,2011-06-28
CS3671,0,1341,21,2014-11-28,2011-11-04
CS3672,0,1546,20,2015-01-23,2011-05-29
CS3673,0,1954,24,2015-03-14,2011-07-17
CS3674,0,1181,17,2014-08-24,2011-06-21
CS3675,0,1157,17,2015-02-07,2011-05-16
CS3676,0,1273,20,2015-02-03,2011-05-26
CS3677,0,784,12,2015-03-03,2011-06-23
CS3678,0,1306,18,2015-01-31,2011-07-21
CS3679,1,1326,20,2014-07-17,2011-06-29
CS3680,0,1036,13,2014-12-17,2012-02-07
CS3681,0,1329,21,2015-03-12,2011-05-16
CS3682,0,1344,19,2014-09-05,2011-05-27
CS3683,0,1535,21,2015-02-25,2011-06-07
CS3684,0,1008,15,2013-11-01,2012-01-04
CS3685,0,1601,24,2015-03-05,2011-08-19
CS3686,0,1345,19,2014-10-28,2011-05-19
CS3687,0,1108,15,2015-02-15,2011-08-05
CS3688,0,2014,27,2015-03-01,2011-05-17
CS3689,0,1515,21,2015-01-02,2011-06-07
CS3690,0,1362,19,2015-02-25,2011-05-16
CS3691,0,1027,15,2014-07-29,2011-06-15
CS3692,0,1804,25,2015-01-19,2011-05-16
CS3693,0,1182,16,2014-06-11,2011-06-25
CS3694,1,1377,19,2014-12-22,2011-06-03
CS3695,0,1587,24,2015-03-14,2011-06-02
CS3696,0,1387,21,2014-08-23,2011-06-15
CS3697,0,1521,21,2015-03-05,2011-11-26
CS3698,0,854,14,2015-03-05,2011-06-19
CS3699,0,1692,24,2015-02-18,2011-06-10
CS3700,0,884,11,2015-02-11,2011-07-11
CS3701,0,1296,16,2014-10-13,2011-07-01
CS3702,1,2175,30,2015-01-10,2011-05-22
CS3703,1,1340,19,2014-11-27,2011-09-29
CS3704,1,1188,17,2014-08-08,2011-06-13
CS3705,0,1684,23,2015-01-13,2011-06-23
CS3706,0,1929,29,2015-03-05,2011-06-06
CS3707,0,1226,18,2015-03-06,2012-01-30
CS3708,0,1520,20,2015-03-01,2011-08-28
CS3709,0,1040,15,2015-01-19,2012-09-01
CS3710,1,1446,22,2015-03-14,2011-12-18
CS3711,0,1852,24,2014-07-19,2011-10-04
CS3712,0,1497,20,2015-02-24,2012-01-29
CS3713,0,1752,25,2015-01-23,2011-05-17
CS3714,0,1612,22,2015-02-10,2011-05-24
CS3715,0,1382,19,2015-02-25,2011-05-24
CS3716,0,919,14,2015-02-13,2011-07-05
CS3717,0,614,11,2014-11-10,2011-11-25
CS3718,0,1485,21,2015-01-05,2011-06-11
CS3719,0,1430,18,2015-03-10,2011-05-24
CS3720,0,1162,17,2015-01-23,2011-07-17
CS3721,0,1965,29,2015-03-07,2011-06-06
CS3722,0,901,13,2015-01-29,2011-05-22
CS3723,0,1372,19,2015-02-05,2011-06-08
CS3724,0,1235,18,2014-08-26,2011-08-28
CS3725,0,921,14,2015-02-24,2011-07-10
CS3726,0,1927,27,2015-02-23,2011-06-09
CS3727,0,1839,25,2014-11-29,2011-08-28
CS3728,0,1006,15,2015-02-25,2011-05-31
CS3729,0,1618,22,2014-12-19,2011-07-23
CS3730,1,1270,17,2015-03-01,2011-06-03
CS3731,0,1043,16,2014-12-31,2011-07-10
CS3732,1,1283,18,2014-09-27,2011-06-12
CS3733,0,1593,22,2015-03-15,2011-06-26
CS3734,0,1355,20,2014-12-06,2011-10-15
CS3735,0,1776,25,2014-08-01,2011-06-08
CS3736,0,1314,20,2014-12-07,2011-07-25
CS3737,0,1111,15,2015-03-08,2011-07-19
CS3738,0,1165,19,2015-02-09,2011-08-16
CS3739,0,1657,25,2015-02-20,2011-06-16
CS3740,0,1071,17,2015-03-11,2011-05-30
CS3741,0,1305,19,2015-03-06,2011-07-15
CS3742,0,1413,21,2015-03-07,2011-05-26
CS3743,0,1424,19,2015-02-25,2011-08-03
CS3744,1,1654,22,2015-03-12,2011-05-28
CS3745,0,1178,17,2015-01-03,2011-08-20
CS3746,0,1475,19,2015-01-02,2011-07-18
CS3747,0,1449,20,2015-03-06,2011-05-20
CS3748,0,829,13,2014-11-23,2011-09-12
CS3749,0,1658,23,2015-03-04,2011-07-12
CS3750,1,1262,17,2015-02-16,2011-07-31
CS3751,0,1515,21,2015-02-07,2011-05-22
CS3752,0,1922,26,2015-02-12,2011-07-03
CS3753,0,1412,20,2014-12-03,2011-05-24
CS3754,0,1886,25,2014-12-11,2011-07-03
CS3755,0,1442,22,2015-01-01,2011-05-24
CS3756,0,1271,19,2015-02-14,2011-09-03
CS3757,0,1559,22,2014-09-30,2011-08-25
CS3758,0,1493,22,2014-07-25,2011-07-16
CS3759,0,1646,23,2014-11-19,2011-07-11
CS3760,0,1348,22,2014-09-28,2011-06-30
CS3761,1,1732,24,2015-02-12,2011-06-05
CS3762,0,1508,22,2015-02-24,2011-08-27
CS3763,0,1101,15,2015-03-15,2011-05-24
CS3764,0,926,16,2014-12-20,2011-07-01
CS3765,1,1080,17,2014-12-31,2012-01-16
CS3766,0,561,7,2014-09-19,2011-06-22
CS3767,0,1336,21,2015-01-03,2011-06-16
CS3768,1,1597,21,2015-02-21,2011-06-24
CS3769,0,1403,22,2015-02-27,2011-07-11
CS3770,0,1914,28,2015-02-10,2011-05-25
CS3771,0,1777,24,2015-03-04,2011-08-15
CS3772,0,1137,18,2014-12-25,2011-11-18
CS3773,0,1431,21,2015-02-27,2011-05-18
CS3774,0,1199,18,2014-04-13,2011-09-18
CS3775,0,1773,26,2015-02-27,2011-05-18
CS3776,0,1698,23,2015-01-06,2011-05-28
CS3777,0,1591,22,2015-03-07,2011-05-23
CS3778,0,2055,31,2015-02-20,2011-06-06
CS3779,0,1494,20,2015-03-06,2011-06-26
CS3780,0,794,13,2015-02-03,2011-12-12
CS3781,0,885,12,2015-03-15,2011-09-17
CS3782,1,1088,14,2014-08-09,2011-12-15
CS3783,0,1505,19,2015-02-20,2011-07-13
CS3784,0,1268,18,2015-01-01,2011-12-13
CS3785,0,1616,21,2015-01-27,2011-06-22
CS3786,0,1254,18,2015-01-29,2011-08-18
CS3787,0,1558,22,2015-03-12,2011-07-09
CS3788,0,1292,22,2015-01-03,2011-10-09
CS3789,0,1509,20,2015-03-16,2011-05-23
CS3790,0,1410,19,2015-03-16,2011-08-02
CS3791,0,1761,25,2015-03-16,2011-11-07
CS3792,0,1017,13,2014-11-12,2011-07-09
CS3793,0,1694,27,2015-02-18,2011-06-15
CS3794,0,1704,25,2015-01-17,2011-05-29
CS3795,0,1885,26,2015-02-16,2011-05-28
CS3796,0,1312,19,2015-02-10,2011-07-09
CS3797,0,1273,19,2015-03-12,2011-08-08
CS3798,0,1458,19,2014-12-07,2011-05-22
CS3799,0,2513,36,2014-10-16,2011-06-11
CS3800,0,1022,16,2015-03-06,2011-08-30
CS3801,0,1422,20,2015-01-15,2012-02-14
CS3802,1,1794,25,2015-02-18,2011-05-25
CS3803,0,951,14,2014-03-26,2011-06-11
CS3804,0,1591,21,2014-07-20,2011-05-28
CS3805,0,2453,35,2014-12-11,2011-05-22
CS3806,0,1030,14,2014-10-07,2011-08-16
CS3807,0,1522,20,2015-01-04,2011-08-30
CS3808,0,2058,26,2015-02-13,2011-07-05
CS3809,0,1418,21,2015-02-08,2011-08-11
CS3810,0,1027,14,2014-08-16,2011-05-24
CS3811,1,1386,18,2014-12-07,2011-07-24
CS3812,1,1789,26,2015-02-20,2011-10-10
CS3813,1,1641,24,2014-12-18,2011-05-20
CS3814,0,1228,17,2015-01-31,2011-05-25
CS3815,0,1018,14,2014-09-04,2011-07-05
CS3816,0,1376,19,2015-02-07,2011-08-21
CS3817,0,2094,29,2015-02-28,2011-05-16
CS3818,0,1299,18,2014-11-19,2011-07-26
CS3819,0,1920,27,2014-09-26,2011-06-22
CS3820,1,1314,20,2014-12-29,2011-07-26
CS3821,0,2240,30,2015-02-10,2011-05-29
CS3822,0,2101,29,2015-03-11,2011-06-10
CS3823,0,1699,24,2015-03-12,2011-06-18
CS3824,0,1420,22,2015-01-01,2011-08-22
CS3825,0,1193,17,2014-10-14,2012-03-17
CS3826,0,1583,24,2015-02-07,2011-10-18
CS3827,0,1487,21,2014-07-25,2011-05-20
CS3828,0,2055,28,2014-12-16,2011-09-15
CS3829,0,1273,19,2015-02-06,2011-08-09
CS3830,0,1526,21,2015-01-09,2011-11-18
CS3831,0,1317,20,2015-02-24,2011-05-20
CS3832,0,1450,21,2015-02-03,2011-07-15
CS3833,0,1339,19,2014-09-30,2011-05-24
CS3834,0,1642,23,2015-03-05,2011-05-30
CS3835,0,659,9,2014-10-09,2011-07-16
CS3836,0,1541,22,2015-02-11,2011-08-30
CS3837,0,799,11,2014-07-26,2011-08-29
CS3838,0,1311,18,2014-10-12,2011-06-28
CS3839,0,2028,29,2015-02-27,2011-08-17
CS3840,0,1558,25,2014-12-06,2011-07-26
CS3841,1,1193,20,2014-09-07,2011-07-17
CS3842,0,2124,29,2014-09-16,2011-05-22
CS3843,0,1373,18,2014-11-20,2011-06-07
CS3844,0,1544,22,2014-12-12,2011-06-19
CS3845,0,1246,17,2015-02-18,2011-07-19
CS3846,0,1063,18,2015-03-07,2011-05-25
CS3847,0,1266,20,2014-01-18,2011-06-27
CS3848,0,1607,23,2014-08-03,2011-05-17
CS3849,1,1372,20,2014-08-16,2011-05-19
CS3850,0,1462,19,2015-03-16,2011-10-16
CS3851,0,2072,28,2015-01-31,2011-06-01
CS3852,0,1190,20,2015-02-26,2011-05-17
CS3853,0,1382,19,2014-12-01,2011-05-23
CS3854,1,1477,18,2015-02-14,2011-05-28
CS3855,0,1096,16,2015-02-19,2011-05-22
CS3856,0,925,14,2014-09-12,2011-06-15
CS3857,0,1227,19,2014-12-29,2011-07-24
CS3858,0,1105,15,2014-09-24,2011-08-08
CS3859,1,1322,19,2014-11-26,2011-05-17
CS3860,0,1653,21,2015-03-07,2011-05-27
CS3861,0,1101,16,2015-02-17,2011-07-14
CS3862,0,1571,22,2015-01-30,2011-06-10
CS3863,0,1663,23,2015-02-13,2011-06-24
CS3864,0,1880,25,2014-10-29,2011-05-31
CS3865,0,1248,17,2014-11-04,2011-08-29
CS3866,0,1200,17,2015-03-15,2011-09-28
CS3867,1,969,15,2014-08-20,2012-02-29
CS3868,0,1650,24,2015-02-28,2011-05-22
CS3869,0,1647,22,2014-08-14,2011-06-09
CS3870,0,1108,14,2015-02-25,2012-01-11
CS3871,0,1402,21,2015-03-14,2011-12-10
CS3872,0,1199,17,2015-03-01,2012-02-14
CS3873,0,1112,17,2015-02-26,2011-10-24
CS3874,0,1473,21,2015-03-05,2011-07-13
CS3875,1,1460,22,2014-11-28,2011-06-06
CS3876,0,1993,29,2015-01-27,2011-06-11
CS3877,0,1383,22,2015-03-13,2011-10-11
CS3878,0,1060,14,2015-02-27,2011-10-21
CS3879,0,1920,24,2015-02-11,2011-08-23
CS3880,1,1618,22,2014-09-28,2011-06-21
CS3881,0,1439,20,2015-03-14,2011-06-22
CS3882,0,1415,19,2014-12-30,2011-08-06
CS3883,0,1546,21,2014-12-27,2011-08-15
CS3884,0,1859,24,2015-03-06,2011-05-29
CS3885,0,2129,28,2015-03-02,2011-05-30
CS3886,1,1378,19,2014-12-13,2011-07-11
CS3887,0,1366,18,2015-01-24,2011-06-06
CS3888,0,1339,20,2015-02-18,2011-12-01
CS3889,0,1374,21,2014-09-25,2011-06-05
CS3890,0,1514,20,2015-02-21,2011-05-24
CS3891,0,1402,21,2015-03-05,2011-06-19
CS3892,0,863,13,2014-10-20,2011-10-23
CS3893,0,1289,18,2015-02-19,2011-07-10
CS3894,1,1765,23,2014-12-24,2011-05-20
CS3895,0,1562,25,2014-12-11,2011-06-07
CS3896,0,1320,18,2015-02-18,2011-06-30
CS3897,0,2141,30,2015-01-11,2011-08-02
CS3898,1,1498,22,2014-11-20,2011-07-12
CS3899,0,1260,17,2015-01-26,2011-07-21
CS3900,0,2077,30,2015-03-15,2011-06-03
CS3901,0,1145,17,2015-01-31,2011-05-21
CS3902,0,1126,16,2015-02-15,2011-09-02
CS3903,1,1548,21,2014-10-28,2011-08-20
CS3904,0,1704,24,2015-02-18,2011-05-27
CS3905,1,854,13,2014-07-14,2011-06-29
CS3906,0,1321,18,2014-12-13,2011-05-18
CS3907,0,1810,24,2015-03-05,2011-07-09
CS3908,1,1553,20,2015-01-29,2011-05-30
CS3909,0,1832,28,2014-12-12,2011-05-25
CS3910,0,1331,20,2015-03-02,2011-07-16
CS3911,0,2229,31,2015-03-06,2011-07-26
CS3912,0,1263,20,2014-08-14,2011-08-19
CS3913,0,1159,17,2014-11-19,2011-07-25
CS3914,0,1465,21,2015-01-25,2011-10-04
CS3915,0,1208,18,2014-07-20,2011-09-14
CS3916,0,1154,15,2014-12-12,2011-09-10
CS3917,0,1637,22,2015-02-28,2012-01-06
CS3918,0,2046,27,2015-03-05,2011-06-03
CS3919,0,1478,21,2015-02-20,2011-08-25
CS3920,0,1289,17,2015-01-29,2011-05-31
CS3921,0,1272,17,2014-11-23,2011-08-31
CS3922,0,775,11,2015-01-24,2011-06-15
CS3923,0,1479,21,2014-08-11,2011-07-08
CS3924,0,2075,28,2015-01-20,2011-05-20
CS3925,0,1276,19,2015-03-08,2011-06-12
CS3926,0,1454,20,2015-03-15,2011-09-20
CS3927,1,1854,26,2014-11-15,2011-10-17
CS3928,0,1616,24,2014-11-02,2011-09-19
CS3929,1,1559,22,2015-03-14,2011-07-09
CS3930,0,1234,17,2014-09-02,2011-07-17
CS3931,0,648,10,2014-07-31,2011-08-27
CS3932,0,1466,20,2015-02-03,2011-07-21
CS3933,0,1694,24,2014-11-01,2011-07-01
CS3934,0,1532,22,2014-11-10,2011-09-12
CS3935,0,1549,23,2015-02-03,2011-05-22
CS3936,1,1470,21,2014-12-08,2011-06-13
CS3937,0,1149,16,2014-10-10,2011-05-26
CS3938,0,963,15,2014-06-12,2011-06-24
CS3939,0,1344,20,2015-02-21,2011-05-22
CS3940,0,1021,16,2015-03-06,2011-06-27
CS3941,0,1575,23,2014-11-17,2011-10-09
CS3942,1,1428,21,2015-03-10,2011-06-25
CS3943,0,1522,22,2015-02-20,2011-05-30
CS3944,0,1348,18,2015-01-24,2011-08-24
CS3945,0,1316,18,2015-01-19,2011-07-30
CS3946,0,1348,24,2015-02-03,2011-07-09
CS3947,1,1708,23,2015-02-12,2011-05-28
CS3948,0,2158,28,2015-03-06,2011-06-11
CS3949,0,958,14,2015-03-02,2011-08-29
CS3950,1,1249,19,2015-02-15,2011-05-24
CS3951,0,1239,17,2014-12-23,2012-01-05
CS3952,0,1190,18,2015-02-17,2011-06-07
CS3953,0,1675,23,2014-11-14,2011-10-09
CS3954,0,1738,23,2015-02-27,2011-05-17
CS3955,0,1230,17,2015-03-04,2011-10-17
CS3956,0,1665,22,2015-03-07,2011-05-18
CS3957,0,1288,19,2015-02-12,2011-07-15
CS3958,0,1534,23,2015-03-15,2011-12-26
CS3959,0,1344,19,2015-03-12,2011-06-24
CS3960,0,1416,19,2015-02-27,2011-10-04
CS3961,0,1439,20,2015-01-20,2011-07-11
CS3962,0,1224,16,2015-03-14,2011-05-26
CS3963,0,1629,23,2015-02-26,2011-07-11
CS3964,0,1871,25,2015-03-08,2011-05-31
CS3965,0,952,14,2014-11-20,2012-01-25
CS3966,0,1523,21,2015-02-26,2011-06-11
CS3967,0,1215,16,2014-11-22,2011-07-06
CS3968,0,1662,23,2015-02-07,2011-05-26
CS3969,1,1448,22,2015-01-08,2011-07-17
CS3970,0,1427,20,2015-03-09,2011-08-24
CS3971,0,1309,20,2014-09-17,2011-08-23
CS3972,0,1956,27,2015-02-24,2011-05-26
CS3973,0,968,15,2015-01-06,2011-07-02
CS3974,0,1240,17,2014-11-27,2011-06-11
CS3975,0,2327,32,2015-02-04,2011-07-05
CS3976,0,1099,15,2014-03-07,2011-07-31
CS3977,0,1051,15,2014-12-08,2011-08-26
CS3978,0,1066,17,2014-11-29,2011-05-22
CS3979,0,1924,26,2014-11-28,2011-06-24
CS3980,0,995,14,2015-02-07,2011-06-19
CS3981,0,1595,21,2015-03-02,2011-07-25
CS3982,0,1102,16,2015-03-06,2011-06-04
CS3983,0,2022,26,2015-03-03,2011-05-16
CS3984,0,1229,19,2015-03-02,2011-10-21
CS3985,0,1317,20,2015-01-28,2011-05-16
CS3986,0,1252,18,2014-12-05,2011-05-30
CS3987,0,1367,19,2015-02-11,2011-08-28
CS3988,0,1350,20,2014-12-17,2011-05-27
CS3989,0,1046,17,2015-01-27,2011-08-09
CS3990,0,1759,23,2014-12-03,2011-08-19
CS3991,0,1593,23,2015-03-08,2011-08-19
CS3992,0,920,14,2015-03-12,2011-08-11
CS3993,0,1385,20,2015-03-12,2011-07-24
CS3994,0,1274,19,2015-03-13,2011-07-10
CS3995,0,1044,15,2015-02-14,2011-10-06
CS3996,0,1745,25,2015-01-29,2011-07-23
CS3997,0,1323,19,2015-03-06,2011-09-29
CS3998,0,1353,18,2015-03-02,2011-10-11
CS3999,1,1703,23,2015-01-08,2011-07-29
CS4000,0,1369,20,2014-11-28,2012-03-29
CS4001,0,2086,30,2015-02-05,2011-05-31
CS4002,0,1408,21,2015-01-10,2011-05-29
CS4003,0,1360,21,2015-01-29,2011-05-20
CS4004,0,1683,23,2015-03-02,2011-09-23
CS4005,0,1313,20,2015-02-23,2011-12-29
CS4006,0,1206,19,2014-12-29,2011-08-19
CS4007,0,1464,21,2015-02-05,2011-08-23
CS4008,0,1246,17,2014-12-10,2011-07-30
CS4009,0,761,12,2015-02-06,2011-07-24
CS4010,0,714,11,2015-03-12,2011-08-24
CS4011,0,1671,24,2015-02-14,2011-05-25
CS4012,0,1510,24,2015-01-11,2011-05-25
CS4013,0,1474,19,2015-02-25,2011-10-04
CS4014,0,2133,29,2014-10-21,2011-07-06
CS4015,0,1372,18,2014-12-28,2011-06-09
CS4016,1,1673,24,2015-02-23,2011-08-11
CS4017,0,1357,17,2015-02-21,2011-11-04
CS4018,0,1463,20,2015-01-19,2011-09-26
CS4019,1,1251,19,2015-02-26,2011-07-08
CS4020,0,1154,16,2014-07-16,2011-05-31
CS4021,0,918,12,2014-12-02,2011-05-29
CS4022,0,1840,24,2015-01-26,2011-05-21
CS4023,0,1811,25,2015-02-14,2011-08-06
CS4024,0,1444,19,2014-12-19,2011-07-16
CS4025,0,1612,22,2014-07-24,2011-12-16
CS4026,0,1351,20,2015-03-04,2011-05-24
CS4027,0,1467,21,2014-11-01,2011-05-28
CS4028,0,1416,19,2014-09-09,2011-06-11
CS4029,0,1284,18,2014-12-26,2011-07-31
CS4030,0,1979,26,2015-01-12,2011-08-22
CS4031,0,1436,18,2015-01-21,2011-07-02
CS4032,0,1487,20,2015-01-18,2011-06-10
CS4033,0,1638,22,2015-01-25,2011-06-08
CS4034,0,1631,23,2015-02-12,2011-08-08
CS4035,0,1308,19,2015-03-10,2011-11-04
CS4036,0,822,13,2014-12-16,2011-05-18
CS4037,0,1372,23,2015-02-21,2011-08-17
CS4038,0,1269,17,2015-01-26,2011-09-16
CS4039,0,1753,23,2015-03-16,2011-09-24
CS4040,0,768,14,2014-12-23,2011-08-18
CS4041,0,1056,16,2014-12-29,2011-06-06
CS4042,0,841,12,2015-01-05,2011-05-24
CS4043,0,1283,18,2015-01-11,2011-10-24
CS4044,0,1370,20,2015-02-07,2012-06-13
CS4045,0,945,15,2015-01-15,2011-08-28
CS4046,0,788,11,2014-12-13,2011-08-19
CS4047,0,1221,17,2015-02-06,2011-08-03
CS4048,0,2358,31,2015-02-12,2011-06-06
CS4049,0,1322,22,2014-12-07,2011-05-28
CS4050,0,1553,22,2014-11-17,2011-08-18
CS4051,0,1221,17,2015-03-01,2011-06-13
CS4052,0,966,14,2015-01-15,2011-06-26
CS4053,0,1435,21,2015-02-24,2011-05-16
CS4054,0,1691,27,2015-02-18,2011-05-27
CS4055,0,1063,17,2014-10-16,2011-05-18
CS4056,0,1358,19,2014-12-07,2011-05-31
CS4057,0,975,15,2015-01-17,2011-07-10
CS4058,0,1117,16,2014-08-03,2011-12-02
CS4059,0,1274,19,2014-11-18,2011-07-27
CS4060,0,1200,16,2014-10-30,2011-06-22
CS4061,1,1037,15,2014-12-13,2011-05-31
CS4062,0,1438,21,2015-03-13,2011-07-15
CS4063,0,1300,19,2015-02-12,2011-10-01
CS4064,0,1778,26,2015-03-16,2011-08-19
CS4065,0,1996,28,2015-02-13,2011-10-13
CS4066,0,1554,22,2015-02-19,2011-07-09
CS4067,0,1223,16,2015-02-14,2011-05-27
CS4068,0,1414,19,2015-03-13,2011-06-04
CS4069,0,1127,17,2014-09-14,2011-06-03
CS4070,0,1941,28,2015-03-15,2011-06-07
CS4071,0,1549,22,2015-01-16,2011-10-28
CS4072,0,1214,17,2015-01-30,2011-05-23
CS4073,0,1226,18,2015-02-22,2011-10-01
CS4074,0,2462,34,2014-12-05,2011-05-29
CS4075,0,1660,21,2014-12-13,2011-08-17
CS4076,1,1873,26,2015-03-10,2011-07-21
CS4077,0,1634,26,2015-03-15,2011-05-21
CS4078,0,1419,21,2015-02-21,2011-06-17
CS4079,0,934,14,2014-12-18,2011-06-01
CS4080,0,1646,23,2015-01-08,2011-05-31
CS4081,0,1715,25,2015-02-25,2011-08-27
CS4082,0,1611,22,2015-03-13,2011-05-21
CS4083,0,1761,24,2015-02-06,2012-01-24
CS4084,0,913,13,2015-02-11,2012-03-07
CS4085,0,1211,17,2015-03-04,2011-07-31
CS4086,0,1345,22,2014-08-24,2011-08-25
CS4087,0,1106,17,2015-02-23,2011-07-07
CS4088,0,1347,19,2015-03-13,2011-09-09
CS4089,0,1164,17,2014-12-12,2011-05-24
CS4090,0,1359,21,2015-01-17,2011-08-27
CS4091,0,1435,21,2015-03-04,2011-07-23
CS4092,0,1219,18,2014-09-23,2011-07-06
CS4093,0,1039,15,2014-10-25,2012-03-01
CS4094,0,1327,18,2014-07-31,2011-06-26
CS4095,0,1604,23,2015-02-04,2011-06-02
CS4096,0,1481,20,2015-02-20,2011-05-16
CS4097,0,1409,19,2015-02-22,2011-11-26
CS4098,1,2106,27,2015-03-14,2011-07-17
CS4099,0,1348,19,2014-10-01,2011-06-18
CS4100,0,1161,17,2015-02-09,2011-06-12
CS4101,0,1349,20,2015-02-20,2011-05-29
CS4102,0,1418,21,2015-02-27,2011-07-09
CS4103,0,1997,28,2015-02-05,2011-05-27
CS4104,0,1439,21,2015-01-07,2011-06-12
CS4105,0,942,13,2015-01-26,2011-05-18
CS4106,1,1355,20,2014-09-30,2011-06-20
CS4107,1,1500,22,2014-11-03,2011-05-28
CS4108,1,1464,20,2015-02-12,2011-12-04
CS4109,0,1284,20,2015-03-10,2011-06-03
CS4110,1,1801,24,2014-12-30,2011-09-03
CS4111,0,1906,26,2015-01-30,2011-07-14
CS4112,0,814,11,2014-02-03,2012-02-12
CS4113,0,1241,18,2014-12-31,2011-07-03
CS4114,0,805,12,2015-02-07,2011-08-27
CS4115,1,1763,24,2014-12-16,2011-07-26
CS4116,1,1657,25,2014-07-22,2011-05-17
CS4117,0,709,12,2015-02-16,2011-08-15
CS4118,0,1803,25,2014-12-24,2011-07-31
CS4119,0,1123,18,2014-11-18,2011-05-24
CS4120,0,1718,27,2014-08-03,2011-11-27
CS4121,0,1274,17,2014-06-04,2011-06-12
CS4122,0,1143,16,2015-01-04,2011-07-28
CS4123,0,1701,27,2015-03-11,2011-05-27
CS4124,1,1435,20,2015-01-19,2011-08-07
CS4125,0,967,15,2014-07-16,2011-08-22
CS4126,0,875,13,2015-02-07,2011-06-24
CS4127,0,1561,20,2015-02-18,2011-07-01
CS4128,0,1741,22,2015-03-09,2011-05-27
CS4129,0,1319,20,2014-11-23,2011-08-19
CS4130,0,1725,23,2015-02-22,2011-06-26
CS4131,0,1478,21,2014-12-09,2011-06-26
CS4132,0,1274,19,2015-02-06,2011-11-21
CS4133,0,1693,24,2015-03-08,2011-06-14
CS4134,0,1220,18,2015-01-09,2011-06-12
CS4135,0,941,14,2015-02-16,2011-06-05
CS4136,1,1621,24,2014-08-13,2011-05-24
CS4137,0,1202,17,2015-02-05,2011-06-19
CS4138,0,1045,15,2015-02-19,2011-08-20
CS4139,1,2099,31,2014-10-10,2011-06-09
CS4140,0,1489,22,2015-03-16,2011-10-19
CS4141,0,1735,23,2015-02-07,2011-08-02
CS4142,0,1364,19,2015-02-22,2011-06-15
CS4143,0,928,14,2014-08-07,2011-08-22
CS4144,0,1962,27,2015-03-06,2011-05-22
CS4145,0,1593,24,2014-12-07,2011-10-21
CS4146,0,1592,24,2015-01-30,2011-06-30
CS4147,0,1739,25,2015-02-20,2011-05-30
CS4148,0,1242,17,2015-02-07,2011-07-28
CS4149,0,1358,20,2015-01-08,2011-06-02
CS4150,0,1376,20,2014-07-24,2011-07-11
CS4151,0,959,12,2015-01-12,2011-07-14
CS4152,0,1531,21,2015-03-06,2011-08-05
CS4153,0,1127,15,2015-03-13,2011-07-12
CS4154,0,1619,24,2015-01-25,2011-05-20
CS4155,0,1169,17,2015-03-15,2011-08-05
CS4156,0,997,12,2015-02-07,2011-12-29
CS4157,1,1418,22,2014-08-22,2011-05-28
CS4158,0,1586,21,2014-12-15,2011-07-30
CS4159,0,1081,15,2014-08-17,2011-06-24
CS4160,0,1512,22,2015-02-21,2011-08-14
CS4161,0,1364,19,2015-03-01,2011-06-22
CS4162,0,1068,16,2015-02-09,2011-06-22
CS4163,0,1921,26,2014-11-09,2011-10-14
CS4164,0,1136,15,2014-09-08,2011-07-13
CS4165,0,1559,22,2015-03-05,2011-05-16
CS4166,0,1049,16,2014-10-23,2011-05-31
CS4167,0,1681,26,2015-02-09,2011-06-02
CS4168,0,918,14,2014-11-26,2011-06-21
CS4169,0,1489,20,2014-12-20,2011-07-27
CS4170,0,1012,15,2015-01-05,2011-08-05
CS4171,0,1169,19,2015-02-22,2011-08-20
CS4172,0,1195,18,2015-02-05,2011-11-21
CS4173,0,1155,16,2014-07-15,2011-07-05
CS4174,0,946,13,2014-11-19,2011-06-02
CS4175,0,1235,19,2015-03-08,2011-06-04
CS4176,0,970,16,2014-11-27,2011-06-28
CS4177,0,1529,21,2015-02-19,2011-06-01
CS4178,0,1781,28,2015-01-13,2011-08-31
CS4179,0,1724,23,2014-12-30,2011-06-09
CS4180,0,1444,22,2014-10-05,2011-12-06
CS4181,0,1043,15,2015-01-03,2011-06-14
CS4182,0,1489,23,2014-09-19,2011-10-10
CS4183,1,1481,21,2015-01-14,2011-08-03
CS4184,0,1836,26,2015-02-03,2011-11-05
CS4185,0,876,13,2014-12-06,2011-12-02
CS4186,0,1513,21,2015-03-08,2011-07-12
CS4187,0,1512,22,2015-03-15,2011-05-23
CS4188,0,1415,18,2015-03-15,2011-10-08
CS4189,0,1616,24,2015-02-23,2011-06-08
CS4190,0,1047,18,2014-10-10,2011-05-26
CS4191,0,1203,16,2015-02-15,2011-05-18
CS4192,0,1330,21,2014-12-21,2011-05-19
CS4193,0,1654,24,2015-02-07,2011-07-02
CS4194,0,1893,25,2015-01-13,2011-09-17
CS4195,0,1583,24,2015-03-04,2011-05-31
CS4196,0,1457,23,2015-03-13,2011-05-27
CS4197,0,1917,27,2015-01-08,2011-06-22
CS4198,0,1338,18,2015-01-24,2011-05-22
CS4199,0,1205,19,2015-03-04,2011-08-17
CS4200,0,1092,19,2015-02-04,2011-09-26
CS4201,0,1299,17,2015-03-01,2011-05-28
CS4202,0,1170,17,2015-02-12,2011-06-01
CS4203,0,1261,19,2015-03-14,2011-06-30
CS4204,0,1081,16,2014-12-03,2011-05-23
CS4205,0,938,14,2015-03-04,2011-06-08
CS4206,0,1500,23,2015-03-14,2011-09-26
CS4207,0,1740,26,2015-01-27,2011-06-11
CS4208,0,1115,17,2014-12-28,2011-06-15
CS4209,0,1453,22,2015-02-07,2011-06-27
CS4210,0,1079,14,2014-09-09,2011-07-02
CS4211,0,1640,21,2015-01-18,2011-05-20
CS4212,0,1437,20,2015-03-14,2011-06-20
CS4213,0,1458,23,2015-01-02,2011-05-21
CS4214,0,1631,23,2015-01-07,2011-07-06
CS4215,0,1382,21,2015-02-24,2011-07-09
CS4216,0,1238,20,2014-08-31,2011-06-04
CS4217,0,1180,17,2015-01-21,2011-06-15
CS4218,0,1994,27,2015-02-19,2011-05-27
CS4219,0,1470,23,2014-11-03,2011-05-19
CS4220,0,1511,21,2015-01-18,2011-05-23
CS4221,0,1273,19,2014-12-16,2011-06-11
CS4222,0,2057,28,2015-02-24,2011-07-17
CS4223,0,1783,23,2015-03-02,2011-06-10
CS4224,0,1319,19,2015-02-21,2011-08-31
CS4225,0,1657,23,2015-03-05,2011-08-15
CS4226,0,1676,21,2015-01-01,2012-03-09
CS4227,0,1751,24,2015-02-21,2011-09-15
CS4228,0,1315,21,2015-02-13,2011-12-10
CS4229,0,1206,17,2015-02-17,2011-11-21
CS4230,0,1402,21,2015-03-16,2011-07-06
CS4231,0,1082,14,2015-03-04,2011-10-14
CS4232,1,2302,32,2015-01-19,2011-06-04
CS4233,0,1450,20,2015-02-27,2011-08-08
CS4234,0,1140,18,2015-03-01,2011-05-26
CS4235,0,1053,17,2014-12-29,2011-08-09
CS4236,0,1531,21,2014-12-08,2011-08-31
CS4237,0,1341,21,2015-01-16,2011-06-03
CS4238,0,1270,17,2015-01-20,2011-07-07
CS4239,0,1147,17,2015-03-10,2011-07-30
CS4240,1,1434,20,2015-01-28,2011-08-03
CS4241,0,1118,18,2015-03-10,2011-06-20
CS4242,0,686,11,2015-03-06,2011-08-05
CS4243,0,1586,24,2015-01-06,2011-07-29
CS4244,0,1131,17,2015-03-15,2011-07-27
CS4245,0,1693,24,2014-11-03,2011-06-17
CS4246,0,1319,19,2015-02-17,2011-11-01
CS4247,0,1357,17,2014-12-26,2011-06-03
CS4248,1,1618,20,2014-10-08,2011-05-25
CS4249,0,1635,24,2015-03-03,2011-06-23
CS4250,0,931,12,2015-02-03,2011-06-12
CS4251,0,1509,22,2015-03-06,2011-05-25
CS4252,0,1931,27,2015-01-30,2011-06-10
CS4253,0,655,10,2014-10-27,2011-05-31
CS4254,0,1452,20,2014-11-26,2011-05-16
CS4255,0,1984,28,2015-02-09,2011-12-07
CS4256,0,1117,16,2015-01-08,2011-11-15
CS4257,0,1571,21,2015-03-08,2011-05-31
CS4258,0,1282,19,2015-03-09,2012-02-10
CS4259,0,1424,22,2015-03-11,2011-09-17
CS4260,1,1074,16,2015-01-12,2011-08-23
CS4261,0,777,12,2014-09-13,2011-07-21
CS4262,0,1374,19,2015-02-11,2011-07-21
CS4263,0,1248,17,2015-03-16,2011-05-16
CS4264,0,1317,18,2014-10-01,2011-07-06
CS4265,0,1174,20,2014-12-27,2011-05-19
CS4266,0,1443,23,2014-12-30,2011-05-30
CS4267,1,1715,24,2015-01-02,2011-05-30
CS4268,0,2062,30,2015-03-15,2011-09-18
CS4269,0,1356,20,2015-02-11,2011-06-07
CS4270,0,1509,21,2015-03-13,2011-09-07
CS4271,0,1410,20,2015-02-19,2011-11-20
CS4272,0,1304,19,2014-12-25,2011-05-29
CS4273,0,1463,20,2014-08-25,2011-06-25
CS4274,0,916,15,2015-01-12,2011-11-25
CS4275,0,1395,20,2015-01-26,2011-07-28
CS4276,1,1543,21,2014-12-21,2011-08-22
CS4277,0,1488,22,2014-11-19,2011-09-29
CS4278,0,1478,23,2015-03-11,2011-05-29
CS4279,0,2063,27,2015-01-23,2011-06-23
CS4280,0,1194,17,2014-12-02,2011-05-23
CS4281,0,781,12,2014-06-22,2011-08-21
CS4282,0,1351,19,2015-03-03,2011-06-13
CS4283,0,1339,20,2014-12-02,2011-05-25
CS4284,0,1790,27,2015-02-16,2011-06-23
CS4285,0,1357,21,2015-02-16,2011-06-20
CS4286,0,1061,15,2015-02-23,2011-06-14
CS4287,0,1898,26,2014-12-22,2011-05-29
CS4288,0,983,16,2015-01-14,2011-07-15
CS4289,0,1075,16,2015-01-08,2011-10-24
CS4290,0,1042,15,2015-02-06,2011-09-04
CS4291,0,791,12,2014-09-19,2011-10-22
CS4292,0,1261,16,2014-11-29,2011-09-16
CS4293,0,1035,15,2015-02-16,2011-09-30
CS4294,1,1264,20,2015-01-08,2011-05-27
CS4295,0,1592,22,2014-10-02,2011-06-09
CS4296,0,1554,22,2015-03-05,2011-07-12
CS4297,1,1378,20,2015-01-28,2011-06-10
CS4298,0,1312,18,2014-10-20,2011-08-23
CS4299,0,1179,19,2015-01-25,2012-01-19
CS4300,0,1133,17,2014-08-26,2011-06-29
CS4301,0,1459,20,2014-12-18,2011-08-30
CS4302,0,1155,17,2015-02-02,2011-10-09
CS4303,1,2181,31,2014-12-24,2011-07-19
CS4304,0,1333,19,2014-04-30,2011-06-04
CS4305,0,973,14,2015-01-28,2011-06-17
CS4306,0,1136,18,2015-03-07,2011-10-12
CS4307,0,1220,19,2015-03-07,2011-07-15
CS4308,0,1397,19,2014-11-29,2011-05-25
CS4309,0,1152,18,2014-12-01,2012-04-17
CS4310,0,1434,20,2014-10-28,2011-06-13
CS4311,1,1531,22,2014-11-17,2011-06-05
CS4312,0,1751,25,2014-12-01,2011-06-11
CS4313,0,1285,18,2014-11-14,2011-08-17
CS4314,0,978,12,2014-12-31,2011-06-25
CS4315,0,1341,18,2015-01-30,2011-08-01
CS4316,0,1665,22,2015-01-30,2011-07-17
CS4317,0,1284,19,2015-01-26,2011-08-10
CS4318,0,1205,18,2015-01-08,2011-09-14
CS4319,0,1409,19,2015-01-06,2011-05-26
CS4320,1,2647,38,2014-12-26,2011-05-27
CS4321,0,1007,16,2014-08-11,2011-07-07
CS4322,0,1544,22,2015-03-01,2011-07-27
CS4323,0,1377,20,2014-11-21,2011-06-10
CS4324,0,1376,20,2015-02-03,2012-06-04
CS4325,0,1274,16,2015-02-02,2011-08-01
CS4326,0,1445,21,2015-01-15,2011-06-16
CS4327,0,1140,15,2014-12-16,2011-08-12
CS4328,0,1474,21,2014-12-22,2011-07-03
CS4329,0,2301,30,2015-01-16,2011-07-18
CS4330,0,1990,30,2014-10-21,2011-06-02
CS4331,0,1229,18,2014-05-27,2011-06-28
CS4332,0,1368,20,2015-02-27,2011-08-20
CS4333,0,1761,28,2015-01-26,2011-09-17
CS4334,0,1307,19,2015-02-02,2011-06-16
CS4335,0,660,10,2014-12-23,2012-01-07
CS4336,0,1671,24,2015-03-16,2011-06-08
CS4337,0,1264,20,2015-01-15,2011-05-22
CS4338,0,1468,22,2015-02-07,2011-09-20
CS4339,1,2017,29,2015-03-15,2011-11-04
CS4340,1,1541,20,2014-11-06,2011-08-28
CS4341,0,1755,26,2015-02-17,2011-10-02
CS4342,0,1132,16,2014-08-17,2011-08-08
CS4343,0,1118,17,2014-12-22,2011-06-19
CS4344,0,967,16,2014-12-02,2011-07-20
CS4345,1,1647,24,2015-02-19,2011-06-25
CS4346,0,719,10,2014-12-08,2011-06-06
CS4347,0,1497,20,2015-03-13,2011-05-20
CS4348,0,1487,20,2015-01-27,2011-06-17
CS4349,0,1801,23,2014-12-04,2011-11-02
CS4350,1,1276,19,2014-12-08,2011-06-16
CS4351,0,1081,19,2014-10-06,2011-06-11
CS4352,1,1490,21,2015-03-09,2011-07-03
CS4353,0,1811,23,2015-02-07,2011-07-01
CS4354,1,1641,23,2015-03-12,2011-10-09
CS4355,0,1287,17,2014-12-08,2011-06-29
CS4356,1,2127,31,2015-02-03,2011-05-24
CS4357,1,1543,21,2015-01-08,2011-06-17
CS4358,1,1424,20,2014-10-07,2011-05-20
CS4359,0,1531,21,2014-10-25,2011-06-12
CS4360,0,885,11,2014-08-10,2011-09-05
CS4361,0,1363,21,2014-09-03,2011-06-18
CS4362,0,1738,25,2015-02-22,2011-05-22
CS4363,0,1775,24,2015-03-04,2011-06-03
CS4364,0,726,12,2015-01-27,2012-01-11
CS4365,0,1705,22,2014-12-28,2011-10-02
CS4366,0,1092,16,2014-09-09,2011-08-24
CS4367,0,1000,14,2015-03-03,2011-06-24
CS4368,0,804,13,2015-02-25,2011-05-30
CS4369,0,1348,19,2014-12-06,2011-08-18
CS4370,0,1023,15,2015-03-15,2012-04-20
CS4371,0,1074,16,2015-03-15,2011-06-18
CS4372,0,1010,16,2015-01-12,2011-11-17
CS4373,0,1475,20,2015-02-27,2011-09-07
CS4374,0,1596,25,2015-03-15,2011-05-21
CS4375,0,1278,20,2015-03-06,2011-05-25
CS4376,0,1353,20,2014-10-16,2011-05-28
CS4377,0,818,14,2014-12-06,2011-07-28
CS4378,0,1345,18,2015-03-03,2011-07-14
CS4379,0,1076,16,2015-03-08,2011-07-08
CS4380,1,1470,22,2015-01-09,2011-06-24
CS4381,1,1868,26,2015-01-05,2011-06-29
CS4382,0,1502,21,2015-03-02,2011-05-16
CS4383,0,1412,18,2015-03-04,2011-09-04
CS4384,0,1510,21,2015-01-22,2011-06-11
CS4385,0,1662,21,2014-11-25,2011-09-18
CS4386,0,1241,19,2015-02-07,2011-07-16
CS4387,0,1051,16,2015-01-26,2011-10-31
CS4388,0,1442,19,2015-03-09,2011-06-25
CS4389,1,1894,27,2014-12-15,2011-05-25
CS4390,0,1264,20,2015-03-04,2011-05-28
CS4391,1,1506,21,2015-01-29,2011-06-07
CS4392,0,1786,26,2015-03-09,2011-07-09
CS4393,0,1446,21,2015-02-10,2011-08-30
CS4394,0,1522,22,2014-11-11,2011-10-05
CS4395,0,1231,18,2015-02-09,2011-05-22
CS4396,0,1191,16,2015-01-24,2011-06-07
CS4397,0,1741,26,2015-03-12,2011-05-21
CS4398,0,1134,14,2015-03-05,2011-08-20
CS4399,0,1444,23,2014-11-05,2011-10-09
CS4400,0,1466,21,2014-12-28,2011-08-23
CS4401,0,889,13,2015-03-07,2011-09-30
CS4402,0,1101,17,2015-02-27,2011-06-01
CS4403,0,1285,18,2015-03-16,2011-06-03
CS4404,0,1061,18,2015-03-15,2011-07-06
CS4405,0,1252,16,2014-03-09,2011-05-16
CS4406,0,1109,16,2015-02-18,2011-05-25
CS4407,1,1429,22,2015-02-12,2011-07-01
CS4408,0,865,14,2015-01-31,2011-05-28
CS4409,1,1388,17,2014-12-30,2011-06-07
CS4410,0,2047,28,2014-11-13,2011-05-16
CS4411,1,1803,25,2015-03-11,2012-01-27
CS4412,0,1405,20,2015-03-16,2011-12-30
CS4413,0,1491,22,2015-03-05,2011-06-04
CS4414,0,753,10,2015-02-28,2011-05-31
CS4415,0,1276,18,2014-04-18,2011-10-17
CS4416,0,1464,22,2015-02-06,2011-06-16
CS4417,0,1916,26,2015-02-11,2011-08-12
CS4418,0,1565,21,2015-02-23,2011-07-15
CS4419,0,1177,16,2013-12-21,2011-06-01
CS4420,0,1230,15,2015-01-26,2011-11-07
CS4421,0,1801,23,2015-01-16,2011-05-25
CS4422,0,1491,21,2015-02-14,2011-06-09
CS4423,0,761,12,2015-01-30,2011-06-21
CS4424,0,2933,39,2015-01-19,2011-05-25
CS4425,0,834,14,2014-11-21,2011-05-26
CS4426,0,1389,21,2014-10-10,2011-10-15
CS4427,0,1261,19,2014-12-07,2011-05-29
CS4428,0,1221,18,2014-11-17,2011-08-09
CS4429,0,1356,20,2015-02-16,2011-06-23
CS4430,0,1090,16,2015-01-30,2011-08-24
CS4431,0,1585,23,2014-12-18,2011-07-05
CS4432,1,1048,15,2015-01-14,2011-05-16
CS4433,0,1520,22,2015-01-05,2011-05-18
CS4434,0,1042,14,2014-10-21,2011-08-30
CS4435,0,1056,16,2015-03-07,2011-10-30
CS4436,0,791,12,2014-12-02,2012-08-09
CS4437,0,973,16,2015-01-22,2011-05-26
CS4438,1,1718,24,2015-03-11,2011-05-29
CS4439,0,684,12,2014-09-16,2011-09-16
CS4440,0,1266,18,2014-11-19,2011-05-19
CS4441,0,1336,21,2015-03-01,2011-09-01
CS4442,1,1679,23,2015-01-11,2011-06-25
CS4443,0,1056,15,2015-01-27,2011-05-26
CS4444,0,1051,18,2015-02-01,2011-11-12
CS4445,0,1387,21,2015-02-07,2011-05-18
CS4446,0,1973,25,2015-01-27,2011-06-04
CS4447,0,1443,19,2014-11-12,2011-10-06
CS4448,0,1525,23,2015-03-15,2011-05-27
CS4449,0,1270,19,2014-10-18,2012-01-08
CS4450,0,1078,15,2015-01-26,2011-06-26
CS4451,1,1210,18,2014-12-20,2011-09-14
CS4452,0,1296,19,2014-12-10,2011-07-24
CS4453,0,1386,19,2015-02-13,2011-06-03
CS4454,0,1125,17,2014-11-07,2011-07-17
CS4455,0,1101,15,2014-08-26,2011-08-19
CS4456,0,1701,22,2014-12-16,2011-06-09
CS4457,1,1204,16,2014-12-17,2011-08-23
CS4458,1,2025,27,2014-12-31,2011-09-16
CS4459,0,960,14,2015-03-01,2012-01-14
CS4460,0,1349,19,2015-01-26,2011-09-10
CS4461,0,1346,20,2015-02-15,2011-05-21
CS4462,0,1559,21,2014-08-12,2011-06-15
CS4463,0,1271,17,2015-01-11,2011-11-29
CS4464,0,1019,13,2014-11-22,2011-06-15
CS4465,0,1150,19,2015-03-14,2011-07-27
CS4466,1,1507,20,2014-12-21,2011-05-19
CS4467,0,1480,22,2015-03-02,2011-05-29
CS4468,0,1282,18,2015-02-19,2011-05-17
CS4469,0,1039,15,2014-11-24,2011-06-19
CS4470,1,1688,24,2014-12-28,2011-06-24
CS4471,0,1429,20,2014-12-20,2011-10-24
CS4472,1,1179,16,2015-03-14,2011-05-19
CS4473,0,1533,23,2014-12-20,2011-06-01
CS4474,0,1598,25,2014-10-17,2011-05-17
CS4475,1,1775,23,2015-02-04,2011-06-06
CS4476,0,1223,19,2015-03-09,2011-07-08
CS4477,0,1253,17,2015-03-16,2011-11-09
CS4478,1,1307,19,2015-03-16,2011-06-04
CS4479,1,1525,20,2015-02-11,2011-09-06
CS4480,0,1294,17,2015-03-05,2011-11-16
CS4481,0,920,14,2015-03-16,2012-01-20
CS4482,0,1148,16,2015-02-10,2011-05-20
CS4483,1,2057,27,2015-01-28,2011-05-28
CS4484,0,1575,21,2014-12-19,2011-06-12
CS4485,0,1043,15,2015-01-10,2011-07-07
CS4486,0,1341,18,2014-12-04,2011-11-03
CS4487,0,1339,18,2015-03-15,2011-08-25
CS4488,0,1452,21,2015-03-09,2011-11-30
CS4489,0,1292,18,2014-09-17,2011-07-04
CS4490,0,1503,23,2015-03-04,2011-06-07
CS4491,0,942,12,2015-03-07,2012-02-03
CS4492,0,1141,14,2014-10-04,2011-06-15
CS4493,0,1334,18,2014-12-10,2011-07-03
CS4494,1,992,14,2015-01-04,2011-06-03
CS4495,0,1944,29,2015-03-09,2011-07-19
CS4496,0,1506,22,2015-02-21,2011-08-18
CS4497,0,1670,21,2015-03-05,2011-07-15
CS4498,0,1223,18,2015-02-17,2011-09-14
CS4499,0,606,9,2015-03-12,2011-09-27
CS4500,0,1429,20,2014-10-12,2011-06-13
CS4501,0,1241,18,2014-11-19,2011-06-21
CS4502,0,980,14,2014-11-22,2011-08-17
CS4503,1,1605,23,2015-01-15,2011-06-15
CS4504,0,1766,24,2014-12-25,2011-08-31
CS4505,0,739,11,2014-07-16,2011-08-04
CS4506,1,1421,21,2015-03-10,2011-06-16
CS4507,0,1218,18,2014-12-03,2011-06-02
CS4508,0,1173,17,2014-12-20,2011-05-18
CS4509,0,1198,18,2014-12-09,2011-07-17
CS4510,0,1617,26,2014-11-21,2011-05-30
CS4511,0,1535,21,2014-09-07,2011-06-11
CS4512,0,1575,23,2015-02-11,2011-05-26
CS4513,0,1308,17,2015-03-05,2011-08-24
CS4514,0,1045,17,2015-03-07,2011-08-23
CS4515,0,1548,21,2015-03-16,2011-05-17
CS4516,0,1767,23,2015-03-07,2011-06-26
CS4517,0,2000,28,2014-12-20,2011-07-23
CS4518,0,1268,17,2015-02-02,2011-06-05
CS4519,0,809,11,2015-01-23,2011-10-28
CS4520,0,1412,21,2015-02-22,2011-07-15
CS4521,0,1637,22,2014-12-10,2011-06-29
CS4522,0,1699,24,2015-03-06,2011-09-01
CS4523,0,893,15,2014-08-06,2011-06-15
CS4524,0,1523,23,2015-03-11,2011-06-04
CS4525,1,1575,23,2014-10-29,2011-05-25
CS4526,0,1346,22,2014-11-27,2011-07-26
CS4527,0,1329,18,2014-11-21,2011-08-18
CS4528,0,1100,14,2015-02-09,2011-07-24
CS4529,0,756,11,2014-05-16,2012-04-06
CS4530,0,1477,19,2014-12-03,2011-06-05
CS4531,0,1532,22,2015-03-12,2011-07-22
CS4532,0,1209,15,2015-01-21,2011-07-19
CS4533,1,1457,25,2015-03-05,2011-06-17
CS4534,0,1063,16,2015-03-02,2011-08-16
CS4535,1,1095,16,2015-01-04,2011-09-15
CS4536,0,1365,20,2015-01-25,2011-06-12
CS4537,0,1175,17,2014-12-27,2011-09-17
CS4538,0,1591,22,2015-02-18,2011-07-24
CS4539,1,1341,19,2014-12-25,2011-08-22
CS4540,1,2361,32,2015-03-16,2011-08-14
CS4541,0,1582,25,2015-02-20,2011-10-13
CS4542,0,824,12,2015-03-06,2011-08-13
CS4543,0,1583,24,2015-02-13,2011-06-22
CS4544,0,1178,16,2015-02-22,2011-07-06
CS4545,0,669,11,2014-11-08,2011-07-15
CS4546,0,694,12,2015-02-02,2012-02-16
CS4547,1,1308,20,2014-08-04,2011-10-06
CS4548,0,995,15,2015-03-04,2011-05-21
CS4549,1,1293,18,2015-01-16,2011-09-21
CS4550,0,1832,24,2014-10-27,2011-05-30
CS4551,0,1007,14,2015-03-01,2011-08-18
CS4552,0,1376,19,2014-12-15,2011-09-15
CS4553,0,2081,28,2015-03-10,2011-07-03
CS4554,0,1312,20,2015-03-03,2011-07-29
CS4555,0,2331,33,2015-03-02,2011-05-24
CS4556,0,924,16,2015-02-10,2011-06-17
CS4557,0,1071,15,2014-11-04,2011-08-11
CS4558,0,1786,25,2015-01-23,2011-09-11
CS4559,0,777,13,2015-02-26,2011-06-27
CS4560,0,1972,28,2015-01-13,2011-05-20
CS4561,1,1892,27,2015-01-29,2011-06-01
CS4562,0,965,14,2015-01-08,2011-07-02
CS4563,0,1674,25,2015-01-22,2011-05-30
CS4564,0,1466,22,2014-05-13,2011-05-29
CS4565,0,1608,23,2015-01-10,2011-05-18
CS4566,1,1020,15,2014-10-25,2011-05-29
CS4567,0,574,9,2014-12-13,2011-09-02
CS4568,0,1138,18,2015-01-25,2011-07-11
CS4569,0,1205,19,2014-12-12,2011-06-07
CS4570,0,1736,25,2014-11-24,2011-06-06
CS4571,0,1416,21,2015-01-08,2011-06-02
CS4572,1,1567,26,2014-12-13,2011-05-22
CS4573,0,1367,19,2014-11-29,2011-06-04
CS4574,0,1053,14,2014-03-09,2011-07-24
CS4575,0,1451,22,2015-01-11,2011-07-18
CS4576,0,1085,15,2015-02-24,2011-05-22
CS4577,0,1335,16,2015-02-02,2011-05-31
CS4578,1,1191,18,2015-01-16,2011-06-18
CS4579,0,1744,23,2015-01-13,2011-06-04
CS4580,1,1251,16,2014-07-27,2011-05-25
CS4581,0,1153,14,2015-01-18,2011-09-08
CS4582,1,1516,21,2015-03-05,2011-08-04
CS4583,0,1988,28,2014-12-20,2011-06-20
CS4584,0,1151,18,2014-10-30,2011-09-18
CS4585,0,1115,15,2015-03-16,2011-10-15
CS4586,0,1505,20,2015-03-16,2011-06-26
CS4587,0,1657,22,2014-12-29,2011-07-25
CS4588,0,1508,22,2015-01-01,2011-08-07
CS4589,0,1146,18,2015-02-28,2011-08-19
CS4590,0,1625,24,2015-01-31,2011-07-27
CS4591,0,1084,15,2015-03-16,2011-06-23
CS4592,0,1157,17,2014-11-26,2011-05-19
CS4593,0,1760,24,2015-02-17,2011-05-20
CS4594,0,1685,23,2014-12-14,2011-05-25
CS4595,0,1376,19,2014-11-30,2011-08-20
CS4596,0,1383,19,2015-02-14,2011-09-04
CS4597,0,1520,24,2015-03-14,2011-11-19
CS4598,0,1118,20,2014-12-05,2011-08-03
CS4599,0,1638,24,2015-02-10,2011-10-19
CS4600,0,1181,19,2014-12-03,2011-06-29
CS4601,0,919,13,2015-03-14,2011-10-06
CS4602,0,1728,24,2015-02-19,2011-07-18
CS4603,1,2111,30,2015-01-11,2011-07-06
CS4604,1,2008,29,2015-03-07,2011-06-30
CS4605,0,1176,17,2015-01-13,2011-11-29
CS4606,0,1463,20,2014-08-22,2011-07-08
CS4607,0,1186,18,2015-03-02,2011-11-05
CS4608,0,2449,32,2015-03-16,2011-07-07
CS4609,0,2043,28,2015-01-11,2011-09-12
CS4610,0,1333,20,2014-10-23,2011-05-16
CS4611,0,1558,23,2014-12-25,2011-06-19
CS4612,0,1302,18,2014-11-14,2011-06-11
CS4613,1,1629,21,2015-02-20,2011-06-22
CS4614,0,1309,17,2015-03-12,2011-06-22
CS4615,0,1597,24,2014-11-07,2011-10-02
CS4616,0,1306,19,2015-02-23,2011-08-10
CS4617,0,1956,28,2015-02-28,2011-06-28
CS4618,0,1315,20,2015-02-15,2011-06-09
CS4619,0,1047,15,2015-02-19,2011-09-02
CS4620,0,1135,15,2014-06-28,2011-07-14
CS4621,0,1251,17,2015-02-22,2012-05-16
CS4622,0,1315,19,2014-11-20,2011-06-17
CS4623,1,1717,23,2015-02-12,2011-06-03
CS4624,1,1737,24,2014-07-18,2011-11-09
CS4625,0,1925,28,2014-10-04,2011-05-29
CS4626,0,1383,20,2014-08-28,2011-10-07
CS4627,0,1560,23,2015-02-10,2011-12-30
CS4628,0,1238,18,2015-03-13,2011-05-29
CS4629,0,1225,19,2014-12-26,2011-05-29
CS4630,0,704,10,2014-07-26,2012-02-07
CS4631,0,2157,30,2015-02-27,2011-06-15
CS4632,0,1315,17,2015-02-03,2011-05-25
CS4633,0,1457,21,2015-02-10,2011-05-22
CS4634,0,693,11,2015-01-07,2011-10-23
CS4635,1,1449,20,2015-03-15,2011-08-04
CS4636,0,1101,16,2014-12-13,2011-06-03
CS4637,1,1467,19,2015-03-12,2011-05-20
CS4638,0,1609,24,2015-02-13,2011-07-08
CS4639,0,1495,25,2015-01-19,2011-05-22
CS4640,0,2138,29,2015-02-26,2011-09-26
CS4641,0,1263,19,2014-05-19,2011-07-17
CS4642,0,1546,22,2015-03-04,2011-06-30
CS4643,0,1377,19,2015-01-23,2011-06-27
CS4644,0,942,14,2014-11-10,2011-06-23
CS4645,0,1293,19,2014-12-14,2011-08-20
CS4646,0,1772,26,2014-11-09,2011-11-11
CS4647,0,1955,27,2015-02-08,2011-05-31
CS4648,0,1157,16,2015-02-04,2011-06-03
CS4649,0,1286,19,2015-03-09,2011-08-15
CS4650,0,1599,22,2015-01-04,2011-07-15
CS4651,0,1258,18,2015-01-29,2011-05-24
CS4652,1,1561,22,2014-12-08,2011-08-13
CS4653,0,1103,17,2015-01-05,2012-06-19
CS4654,0,1832,27,2014-09-26,2011-05-19
CS4655,0,1245,17,2014-09-24,2011-05-16
CS4656,0,1285,18,2015-02-13,2011-06-11
CS4657,0,1257,17,2015-03-16,2011-06-24
CS4658,0,1626,23,2015-03-09,2011-05-21
CS4659,0,1422,21,2015-01-30,2011-08-04
CS4660,0,2527,33,2015-03-06,2011-06-10
CS4661,0,1769,26,2015-03-16,2011-06-12
CS4662,0,1788,24,2014-12-19,2011-05-27
CS4663,0,939,14,2014-10-22,2011-05-31
CS4664,0,1268,17,2015-02-07,2011-05-29
CS4665,0,1335,18,2014-11-19,2011-08-11
CS4666,1,1375,22,2014-10-05,2011-05-23
CS4667,0,894,13,2015-02-25,2011-07-29
CS4668,0,1698,23,2014-12-26,2011-07-21
CS4669,0,1432,21,2014-12-04,2011-05-20
CS4670,0,2214,30,2015-01-25,2011-05-16
CS4671,0,1368,21,2015-01-24,2011-09-09
CS4672,0,1153,16,2015-01-20,2011-07-26
CS4673,0,1393,20,2015-02-13,2011-05-22
CS4674,0,1468,18,2014-12-19,2011-06-23
CS4675,0,1521,21,2014-03-26,2011-06-20
CS4676,0,1526,21,2015-03-04,2011-10-12
CS4677,0,1276,19,2015-02-02,2011-05-28
CS4678,0,1581,24,2014-10-18,2011-07-12
CS4679,0,1607,21,2015-02-28,2011-06-12
CS4680,0,740,12,2014-12-13,2011-11-14
CS4681,0,1532,22,2015-03-07,2011-07-15
CS4682,0,1329,21,2015-03-04,2011-10-10
CS4683,0,1085,15,2014-11-03,2011-06-28
CS4684,0,1073,17,2014-11-06,2011-06-30
CS4685,1,1686,24,2014-08-03,2011-07-07
CS4686,0,1740,23,2015-01-12,2011-09-09
CS4687,0,1724,24,2014-12-27,2011-11-07
CS4688,0,1417,20,2014-12-15,2011-07-24
CS4689,0,852,13,2014-10-11,2011-06-15
CS4690,0,905,15,2014-11-27,2011-10-28
CS4691,0,1526,22,2015-03-12,2011-07-02
CS4692,0,1228,18,2015-03-04,2011-12-16
CS4693,0,1139,17,2015-02-15,2011-06-06
CS4694,0,953,13,2014-11-24,2012-06-30
CS4695,0,1237,17,2014-10-01,2011-09-11
CS4696,0,908,15,2015-02-24,2011-10-13
CS4697,0,1648,25,2015-02-21,2011-07-21
CS4698,0,1124,17,2014-09-30,2011-06-26
CS4699,1,1306,19,2015-02-17,2011-07-06
CS4700,0,1175,18,2015-03-14,2011-05-26
CS4701,0,1632,23,2015-01-30,2011-07-09
CS4702,1,1715,25,2014-12-17,2011-05-18
CS4703,0,1385,20,2014-05-24,2011-05-25
CS4704,0,1380,20,2015-02-22,2011-06-11
CS4705,0,985,13,2014-12-13,2011-06-22
CS4706,0,827,10,2014-09-28,2011-09-25
CS4707,0,1542,22,2014-11-23,2011-07-06
CS4708,0,1427,21,2015-02-28,2011-07-01
CS4709,0,1172,17,2014-10-29,2011-06-07
CS4710,0,1502,21,2014-12-14,2011-07-24
CS4711,0,1538,23,2015-03-09,2011-05-24
CS4712,0,1043,14,2015-01-20,2011-11-21
CS4713,0,1762,24,2015-02-16,2011-06-08
CS4714,0,1077,16,2014-09-28,2011-07-19
CS4715,0,1296,19,2015-02-23,2011-07-27
CS4716,0,970,13,2015-01-30,2011-07-04
CS4717,1,1613,22,2015-01-23,2011-07-10
CS4718,0,1354,19,2014-11-01,2011-05-29
CS4719,0,1273,16,2014-09-17,2011-07-05
CS4720,0,1187,20,2014-07-31,2011-05-25
CS4721,0,1606,24,2015-03-01,2011-06-12
CS4722,0,1250,18,2015-02-23,2011-06-23
CS4723,0,1707,24,2015-03-11,2011-06-03
CS4724,0,1044,17,2014-12-16,2011-06-29
CS4725,0,1348,20,2014-12-30,2012-05-24
CS4726,0,932,14,2015-01-26,2012-03-15
CS4727,1,1500,22,2015-03-05,2011-06-18
CS4728,1,1092,14,2014-12-12,2011-11-13
CS4729,0,1077,16,2015-03-03,2011-10-16
CS4730,0,1628,21,2015-02-13,2011-07-26
CS4731,0,1067,17,2015-03-11,2011-09-12
CS4732,0,1197,16,2014-06-11,2011-07-28
CS4733,0,1682,23,2014-10-23,2011-07-07
CS4734,0,1223,19,2015-03-06,2011-05-27
CS4735,0,1311,18,2015-02-16,2011-06-02
CS4736,0,986,14,2015-02-27,2012-01-09
CS4737,0,1668,24,2015-03-10,2011-07-22
CS4738,0,1258,18,2015-01-11,2011-06-27
CS4739,1,1818,25,2015-01-13,2011-09-04
CS4740,0,1141,18,2015-01-28,2011-09-02
CS4741,0,1629,22,2015-02-27,2011-07-20
CS4742,0,975,15,2014-10-18,2011-06-04
CS4743,0,1099,16,2015-02-24,2011-07-04
CS4744,0,1349,19,2014-12-15,2011-11-09
CS4745,0,1380,22,2015-02-09,2011-05-28
CS4746,1,2337,31,2015-03-12,2011-05-22
CS4747,0,718,11,2015-03-08,2011-06-09
CS4748,1,1525,20,2015-01-12,2011-07-03
CS4749,0,1959,27,2015-02-22,2011-06-16
CS4750,0,1266,18,2014-08-30,2011-06-07
CS4751,0,1232,15,2015-03-13,2011-07-27
CS4752,0,1162,19,2015-03-03,2011-07-10
CS4753,0,1209,19,2014-11-09,2011-07-30
CS4754,0,1423,20,2014-09-27,2011-06-19
CS4755,1,1598,20,2015-03-04,2011-09-05
CS4756,0,1196,17,2015-02-27,2011-05-24
CS4757,0,1188,17,2015-03-08,2011-08-19
CS4758,0,1388,22,2015-01-28,2011-06-09
CS4759,0,1138,16,2015-01-17,2012-01-22
CS4760,0,1707,22,2015-01-31,2011-05-22
CS4761,0,1365,20,2014-11-19,2011-06-23
CS4762,0,1313,20,2015-01-09,2011-09-09
CS4763,0,1382,21,2015-02-26,2011-07-08
CS4764,0,1396,18,2015-03-15,2011-06-15
CS4765,0,1299,20,2014-11-09,2011-08-09
CS4766,0,1605,22,2015-03-15,2011-05-27
CS4767,0,1046,14,2014-09-25,2011-10-08
CS4768,1,1721,26,2015-03-15,2011-05-20
CS4769,0,1271,19,2014-12-11,2011-06-17
CS4770,0,1134,18,2014-10-18,2011-08-09
CS4771,0,874,14,2015-03-04,2011-06-27
CS4772,0,1146,19,2015-02-22,2011-08-16
CS4773,0,2074,27,2014-09-22,2011-06-02
CS4774,0,1208,18,2014-07-26,2011-06-08
CS4775,0,1294,20,2015-02-15,2011-05-26
CS4776,0,1613,22,2015-03-09,2011-05-25
CS4777,0,1767,25,2015-01-20,2011-06-16
CS4778,0,1269,18,2014-11-28,2011-05-25
CS4779,1,1595,23,2015-03-08,2011-10-31
CS4780,0,1107,17,2015-01-01,2011-09-06
CS4781,0,1046,15,2015-02-27,2011-05-19
CS4782,0,1276,17,2015-03-14,2011-07-31
CS4783,0,1308,19,2015-03-14,2011-05-20
CS4784,0,1578,23,2014-09-19,2011-05-30
CS4785,0,1219,16,2015-02-19,2011-11-26
CS4786,0,1248,17,2014-11-01,2011-08-06
CS4787,0,1351,20,2015-02-19,2011-08-13
CS4788,0,1470,19,2015-01-21,2011-12-15
CS4789,0,1551,22,2014-12-27,2011-10-17
CS4790,0,1453,19,2015-01-21,2011-09-05
CS4791,0,1177,16,2015-02-12,2011-05-29
CS4792,0,1368,20,2015-02-19,2011-06-02
CS4793,0,1862,27,2015-02-08,2011-06-15
CS4794,0,1685,23,2015-02-15,2011-06-06
CS4795,0,1831,25,2015-02-24,2011-07-22
CS4796,0,1347,18,2014-10-14,2011-05-26
CS4797,0,1577,21,2015-02-19,2011-05-24
CS4798,1,2151,27,2015-02-21,2011-07-01
CS4799,0,1240,18,2014-08-31,2011-08-25
CS4800,0,1520,23,2015-01-07,2011-06-03
CS4801,0,1254,18,2015-01-26,2011-10-14
CS4802,0,1451,20,2015-03-09,2011-06-05
CS4803,0,1305,18,2015-01-25,2011-06-10
CS4804,0,1643,25,2015-02-02,2011-05-25
CS4805,0,1354,17,2014-11-15,2011-06-07
CS4806,0,1108,18,2014-12-13,2011-06-09
CS4807,0,1249,20,2015-01-22,2011-06-11
CS4808,0,1570,24,2015-01-09,2011-05-30
CS4809,0,1294,19,2014-06-29,2011-06-12
CS4810,0,1448,21,2015-01-07,2011-07-25
CS4811,1,1399,20,2014-07-27,2011-07-27
CS4812,0,1063,15,2015-02-08,2011-06-04
CS4813,0,1437,20,2015-01-03,2011-06-06
CS4814,0,1435,19,2014-09-28,2011-07-29
CS4815,0,1804,25,2015-02-15,2011-09-04
CS4816,0,1311,18,2015-01-03,2011-11-24
CS4817,0,1389,21,2015-03-06,2011-07-26
CS4818,0,942,13,2015-03-06,2012-02-17
CS4819,1,1457,20,2014-11-29,2011-06-17
CS4820,0,1408,20,2015-03-10,2011-05-24
CS4821,0,1161,16,2015-02-28,2011-06-04
CS4822,0,1118,17,2015-02-08,2011-05-26
CS4823,0,1555,22,2014-08-02,2011-06-30
CS4824,0,1353,19,2014-10-14,2011-10-29
CS4825,0,1407,19,2015-02-28,2011-08-24
CS4826,0,1497,21,2014-12-21,2011-06-14
CS4827,0,1242,19,2015-02-23,2011-11-16
CS4828,0,1339,18,2014-07-31,2011-08-24
CS4829,0,1870,27,2015-01-11,2011-07-29
CS4830,0,1253,18,2015-02-26,2011-10-02
CS4831,0,1010,15,2015-02-24,2011-08-27
CS4832,0,1482,23,2014-12-30,2011-07-24
CS4833,0,1262,19,2014-09-21,2011-09-20
CS4834,0,1091,14,2014-03-05,2011-05-24
CS4835,0,955,15,2015-02-12,2011-07-09
CS4836,0,1761,23,2015-01-20,2011-06-13
CS4837,0,1437,20,2015-03-02,2011-07-03
CS4838,0,1143,17,2015-03-08,2011-06-06
CS4839,1,1775,24,2015-02-04,2011-09-11
CS4840,0,999,14,2015-02-27,2011-06-20
CS4841,0,1960,26,2015-03-15,2011-05-19
CS4842,0,1319,20,2015-01-28,2011-05-29
CS4843,0,896,15,2014-11-28,2011-10-01
CS4844,0,1669,26,2014-10-18,2011-09-23
CS4845,0,1532,23,2015-03-14,2011-07-10
CS4846,0,1855,27,2015-02-04,2011-05-26
CS4847,0,1340,21,2015-03-05,2011-07-27
CS4848,0,1287,18,2015-03-15,2011-10-02
CS4849,0,1850,25,2015-03-09,2011-08-07
CS4850,0,1237,17,2015-02-26,2011-09-11
CS4851,0,1162,18,2015-01-10,2011-10-03
CS4852,0,1559,23,2015-01-11,2011-06-02
CS4853,0,1294,19,2014-12-26,2011-06-14
CS4854,0,1167,18,2015-03-13,2011-06-05
CS4855,0,1660,24,2015-03-12,2011-08-05
CS4856,0,1172,16,2015-02-15,2011-12-02
CS4857,0,1381,19,2015-03-13,2011-07-17
CS4858,0,2247,28,2015-01-16,2011-09-01
CS4859,1,1332,18,2015-02-10,2011-07-14
CS4860,0,1629,23,2014-06-26,2011-07-02
CS4861,0,1132,15,2014-12-26,2011-07-05
CS4862,0,1853,26,2014-10-17,2011-05-25
CS4863,0,1484,21,2015-02-04,2011-06-09
CS4864,0,1307,18,2015-01-19,2011-08-29
CS4865,0,1941,26,2015-03-15,2011-08-26
CS4866,0,1487,19,2015-02-18,2011-06-06
CS4867,0,2106,30,2015-02-14,2011-07-31
CS4868,0,1899,27,2015-03-05,2011-06-23
CS4869,0,1234,18,2014-12-27,2011-10-25
CS4870,0,1242,19,2015-03-14,2011-05-31
CS4871,0,2006,26,2015-03-06,2011-08-06
CS4872,1,1475,22,2015-03-14,2011-07-16
CS4873,0,1130,14,2014-05-09,2011-06-07
CS4874,0,1532,21,2014-12-05,2011-06-08
CS4875,0,1605,20,2015-01-28,2011-06-27
CS4876,0,1492,23,2014-09-29,2011-07-23
CS4877,0,1176,16,2015-03-08,2011-05-22
CS4878,1,1380,22,2014-12-29,2011-05-18
CS4879,0,1195,18,2015-02-22,2011-07-09
CS4880,0,1423,20,2015-01-10,2011-11-19
CS4881,0,1109,17,2015-03-10,2011-09-20
CS4882,0,1136,16,2014-12-02,2011-07-25
CS4883,0,1012,15,2014-12-02,2011-07-31
CS4884,0,1152,19,2015-02-10,2011-06-13
CS4885,1,1520,21,2014-09-15,2011-05-22
CS4886,0,1411,20,2015-03-07,2011-05-23
CS4887,0,1516,23,2015-02-08,2011-07-17
CS4888,0,1618,21,2014-12-21,2011-05-20
CS4889,0,1436,23,2015-03-11,2011-05-24
CS4890,0,1257,17,2014-11-07,2011-08-08
CS4891,0,1439,19,2015-02-04,2011-07-07
CS4892,0,1404,22,2014-11-05,2011-06-21
CS4893,0,1286,20,2015-01-11,2011-08-08
CS4894,0,824,12,2014-12-23,2011-05-28
CS4895,0,1197,19,2015-01-28,2011-06-17
CS4896,1,1423,20,2014-10-03,2011-06-23
CS4897,1,1999,30,2015-02-05,2011-05-24
CS4898,0,866,13,2015-02-14,2011-07-12
CS4899,0,1372,19,2015-03-01,2011-08-11
CS4900,0,1068,17,2015-02-28,2011-07-21
CS4901,0,1491,23,2015-01-03,2011-06-29
CS4902,1,1383,18,2015-02-17,2011-06-08
CS4903,1,1584,26,2015-03-14,2011-07-01
CS4904,0,1456,24,2015-03-03,2011-08-17
CS4905,0,1575,23,2015-03-02,2011-06-12
CS4906,0,1644,22,2015-01-10,2011-08-31
CS4907,0,1344,19,2015-01-12,2011-07-22
CS4908,0,1842,24,2014-10-19,2011-06-26
CS4909,0,1290,17,2015-01-07,2011-06-19
CS4910,0,1252,18,2014-10-30,2011-05-30
CS4911,0,1069,15,2014-11-06,2011-06-02
CS4912,0,1545,19,2015-03-06,2011-05-20
CS4913,0,1047,16,2014-12-15,2011-12-03
CS4914,1,1471,21,2014-11-03,2011-06-04
CS4915,0,1541,23,2015-02-20,2011-08-28
CS4916,0,1484,21,2015-01-18,2011-06-20
CS4917,0,1392,20,2015-01-25,2011-07-19
CS4918,0,1561,22,2014-10-28,2011-06-13
CS4919,0,863,13,2013-12-03,2011-07-25
CS4920,0,1173,17,2015-01-26,2011-06-23
CS4921,0,908,12,2015-03-10,2012-02-26
CS4922,0,1117,16,2015-02-28,2011-10-16
CS4923,0,1064,18,2014-08-05,2011-11-01
CS4924,1,1527,23,2014-11-25,2011-06-15
CS4925,0,1316,21,2014-12-19,2011-06-17
CS4926,0,1167,16,2015-01-31,2011-06-14
CS4927,0,1401,20,2015-01-27,2011-07-09
CS4928,0,1318,18,2015-02-07,2011-08-10
CS4929,0,1624,25,2015-02-01,2011-06-07
CS4930,0,1440,20,2015-02-08,2011-06-28
CS4931,0,2246,29,2015-02-28,2011-05-27
CS4932,0,1840,26,2014-10-10,2011-06-22
CS4933,0,1040,16,2014-07-16,2011-06-11
CS4934,1,1865,24,2014-10-08,2011-05-21
CS4935,0,1575,21,2014-12-03,2011-05-28
CS4936,0,1669,25,2015-02-03,2011-06-25
CS4937,0,1152,16,2014-12-18,2011-07-04
CS4938,0,1057,15,2015-03-15,2011-07-06
CS4939,1,2088,29,2014-11-29,2011-08-07
CS4940,0,1109,15,2015-02-06,2011-05-31
CS4941,0,1434,22,2015-02-26,2011-05-27
CS4942,1,1484,19,2014-10-05,2011-08-15
CS4943,0,1338,19,2015-02-27,2011-08-17
CS4944,0,2062,27,2015-02-18,2011-05-26
CS4945,0,1603,23,2015-01-25,2011-07-20
CS4946,0,1548,21,2015-02-08,2011-05-24
CS4947,0,834,11,2015-01-31,2011-05-26
CS4948,0,1287,18,2015-02-09,2011-06-21
CS4949,1,1365,21,2015-02-28,2011-06-10
CS4950,0,863,12,2015-02-17,2011-05-24
CS4951,0,1488,20,2014-12-11,2011-08-23
CS4952,1,1888,25,2014-11-25,2011-06-27
CS4953,0,1381,21,2014-09-21,2011-07-17
CS4954,0,1364,20,2015-03-15,2011-07-22
CS4955,0,1799,25,2015-02-27,2011-10-06
CS4956,0,1395,18,2015-02-19,2011-05-25
CS4957,0,1634,23,2015-01-19,2011-07-30
CS4958,0,812,14,2015-01-31,2011-12-08
CS4959,0,1768,23,2014-07-19,2011-06-09
CS4960,0,1216,18,2014-12-22,2011-06-28
CS4961,0,1365,21,2015-02-24,2011-07-23
CS4962,0,1774,25,2015-02-05,2011-10-28
CS4963,0,1243,19,2015-01-28,2011-06-05
CS4964,0,1237,20,2015-02-07,2011-08-01
CS4965,0,1790,27,2015-02-12,2011-07-10
CS4966,0,1504,23,2014-10-26,2011-06-22
CS4967,0,1818,25,2015-02-04,2011-05-16
CS4968,0,1278,18,2015-03-08,2011-05-21
CS4969,0,1295,18,2015-02-20,2011-08-23
CS4970,0,1712,23,2015-02-16,2011-06-05
CS4971,0,1367,19,2015-02-21,2011-08-03
CS4972,0,1433,21,2014-12-31,2012-01-05
CS4973,1,1626,23,2014-12-30,2011-05-22
CS4974,0,1273,19,2014-09-27,2011-05-25
CS4975,0,777,11,2014-11-20,2011-09-21
CS4976,0,1424,19,2015-02-15,2011-05-18
CS4977,0,1566,22,2014-12-31,2011-05-30
CS4978,0,675,10,2014-02-27,2011-06-07
CS4979,0,1104,17,2015-01-09,2011-08-14
CS4980,0,1564,22,2015-02-13,2011-05-30
CS4981,0,1703,25,2015-02-18,2011-05-25
CS4982,0,754,12,2014-08-27,2011-08-11
CS4983,0,1406,18,2015-03-08,2012-05-15
CS4984,0,1060,18,2014-12-31,2011-05-16
CS4985,1,1468,21,2015-02-26,2011-09-25
CS4986,0,1013,16,2015-03-10,2011-08-26
CS4987,0,1098,16,2015-02-05,2011-11-25
CS4988,1,1433,20,2014-12-21,2011-07-11
CS4989,0,918,15,2015-02-24,2011-06-08
CS4990,0,1406,20,2014-12-06,2012-01-30
CS4991,0,1143,15,2015-03-02,2011-06-01
CS4992,0,1350,20,2014-12-29,2011-06-05
CS4993,0,1765,26,2015-02-20,2011-06-01
CS4994,0,1216,18,2015-02-27,2011-07-18
CS4995,1,1331,20,2014-11-18,2011-05-29
CS4996,0,1635,25,2015-02-17,2011-06-03
CS4997,0,1074,15,2014-06-29,2011-08-07
CS4998,0,2358,34,2015-03-07,2011-07-26
CS4999,0,788,11,2014-12-11,2011-06-07
CS5000,0,1408,19,2015-02-11,2011-06-03
CS5001,1,1593,22,2015-02-15,2011-05-18
CS5002,0,815,11,2015-01-04,2011-06-29
CS5003,0,1207,16,2014-12-30,2011-06-17
CS5004,0,1302,18,2014-12-26,2011-06-20
CS5005,0,1146,17,2015-02-19,2011-07-03
CS5006,0,1651,24,2015-02-02,2011-07-08
CS5007,0,1518,24,2015-02-10,2011-10-14
CS5008,0,1159,16,2015-01-08,2011-05-17
CS5009,0,1067,16,2015-01-02,2011-07-06
CS5010,0,1698,24,2015-02-27,2011-06-29
CS5011,0,1480,20,2014-12-27,2011-06-18
CS5012,0,1602,24,2014-12-18,2011-05-16
CS5013,1,1298,18,2014-11-01,2011-12-12
CS5014,0,1342,21,2015-01-29,2011-08-26
CS5015,0,1423,22,2014-10-02,2011-07-07
CS5016,0,1701,25,2015-03-12,2011-05-17
CS5017,0,1255,18,2015-03-01,2011-09-06
CS5018,0,1628,25,2014-12-31,2011-07-27
CS5019,0,1338,20,2014-12-13,2011-07-17
CS5020,0,572,9,2014-05-22,2012-03-01
CS5021,0,1341,20,2014-10-14,2011-05-28
CS5022,0,1209,15,2014-10-20,2011-07-08
CS5023,0,1713,22,2015-02-03,2011-05-21
CS5024,1,1214,18,2014-08-31,2011-05-31
CS5025,0,1973,28,2014-12-27,2011-05-19
CS5026,1,2098,30,2014-09-20,2011-06-01
CS5027,0,1586,22,2015-03-14,2011-05-23
CS5028,0,2098,29,2015-02-25,2011-06-06
CS5029,0,1162,16,2014-12-23,2011-08-16
CS5030,0,1028,16,2014-11-08,2011-05-26
CS5031,0,1585,24,2015-01-15,2011-05-29
CS5032,0,1763,23,2015-02-17,2011-05-25
CS5033,0,1687,22,2014-12-14,2011-08-14
CS5034,0,1130,17,2015-01-04,2011-05-16
CS5035,0,1037,14,2015-01-12,2012-02-11
CS5036,0,1292,20,2014-10-04,2011-06-08
CS5037,0,1149,15,2015-03-12,2011-10-25
CS5038,0,1470,22,2015-01-02,2011-06-07
CS5039,0,1673,25,2015-02-07,2011-08-05
CS5040,0,1731,24,2015-03-15,2011-06-28
CS5041,0,1763,25,2015-03-06,2011-06-07
CS5042,0,1646,21,2015-03-16,2011-11-10
CS5043,0,1109,17,2015-01-20,2011-08-30
CS5044,1,1477,21,2014-10-29,2011-09-25
CS5045,0,1019,12,2014-05-20,2011-06-02
CS5046,1,1712,24,2015-02-06,2011-06-25
CS5047,0,1381,19,2015-03-05,2011-06-25
CS5048,0,1464,22,2015-03-14,2011-06-16
CS5049,0,1979,28,2015-03-15,2011-06-03
CS5050,0,1515,19,2015-03-07,2012-02-06
CS5051,0,1232,19,2015-02-15,2011-06-06
CS5052,0,1486,24,2015-01-07,2011-09-29
CS5053,0,1501,18,2014-11-10,2011-06-22
CS5054,0,1279,16,2014-10-02,2011-12-08
CS5055,0,1644,23,2015-01-07,2011-05-22
CS5056,0,1337,17,2014-11-14,2011-06-18
CS5057,0,2008,26,2014-12-02,2011-07-10
CS5058,0,1146,18,2015-03-03,2011-06-20
CS5059,0,1486,20,2015-02-10,2011-07-15
CS5060,0,1082,15,2014-12-05,2011-07-04
CS5061,0,1412,22,2015-02-19,2011-07-03
CS5062,0,1443,20,2014-09-24,2011-10-05
CS5063,0,1901,27,2015-02-22,2011-07-06
CS5064,0,1200,15,2014-12-30,2011-12-21
CS5065,0,1463,24,2015-03-06,2011-07-05
CS5066,0,1696,26,2015-02-13,2011-09-21
CS5067,0,1857,27,2015-03-02,2011-06-10
CS5068,0,1500,22,2015-02-21,2011-06-27
CS5069,1,1666,23,2014-12-01,2011-06-09
CS5070,0,1477,21,2014-11-26,2011-10-30
CS5071,0,1180,16,2015-02-12,2011-06-11
CS5072,0,1085,16,2014-11-10,2011-07-31
CS5073,0,1362,18,2014-10-15,2011-06-12
CS5074,0,1010,15,2014-12-20,2011-06-15
CS5075,0,1180,18,2015-02-24,2011-08-27
CS5076,1,1371,21,2015-01-31,2011-05-28
CS5077,0,1444,21,2015-03-07,2011-05-20
CS5078,0,1351,19,2014-11-25,2012-01-19
CS5079,0,1469,23,2015-01-20,2011-06-22
CS5080,0,1209,18,2014-06-05,2011-05-26
CS5081,0,1645,22,2015-03-02,2011-07-16
CS5082,0,2072,29,2015-02-25,2011-06-13
CS5083,0,1974,26,2015-01-10,2011-09-27
CS5084,0,1465,20,2015-02-11,2011-06-24
CS5085,0,1313,18,2014-08-18,2011-08-19
CS5086,1,1287,21,2014-12-16,2011-06-29
CS5087,0,874,15,2015-01-28,2011-06-26
CS5088,0,1556,22,2015-02-15,2011-05-16
CS5089,0,874,12,2015-01-18,2011-06-29
CS5090,0,1552,21,2015-03-10,2011-08-06
CS5091,0,976,13,2014-08-23,2011-11-01
CS5092,0,1200,18,2015-02-23,2011-06-26
CS5093,1,1838,27,2015-01-10,2011-06-14
CS5094,0,1289,18,2015-03-07,2012-01-20
CS5095,0,1423,20,2015-02-21,2011-10-20
CS5096,1,1348,18,2014-09-16,2011-07-09
CS5097,0,1757,26,2015-01-18,2011-07-02
CS5098,0,1147,17,2014-12-30,2011-06-17
CS5099,0,1151,16,2015-03-04,2011-06-14
CS5100,0,1595,23,2015-01-20,2011-08-22
CS5101,0,1033,17,2014-11-08,2011-05-16
CS5102,0,982,15,2015-01-17,2011-09-05
CS5103,0,1011,16,2015-02-22,2011-06-10
CS5104,0,1102,16,2014-08-18,2011-08-05
CS5105,0,1248,17,2014-11-02,2011-08-15
CS5106,0,1492,20,2014-11-09,2011-08-03
CS5107,0,1994,28,2015-02-21,2011-08-03
CS5108,0,968,14,2015-03-08,2011-10-17
CS5109,0,2506,35,2015-02-04,2011-06-17
CS5110,0,807,11,2015-03-06,2011-10-31
CS5111,1,1948,28,2015-01-08,2011-06-17
CS5112,0,1003,14,2015-03-08,2011-10-11
CS5113,1,1314,19,2015-03-05,2011-10-19
CS5114,0,1610,20,2014-11-15,2011-08-14
CS5115,1,1298,22,2015-01-20,2011-07-30
CS5116,0,1408,20,2015-01-19,2011-05-25
CS5117,0,1332,19,2015-02-04,2011-09-14
CS5118,0,1764,26,2015-02-09,2011-05-17
CS5119,0,1319,17,2014-08-22,2011-08-23
CS5120,0,1196,16,2015-02-22,2011-05-19
CS5121,0,1175,16,2015-02-14,2011-12-05
CS5122,0,1513,23,2015-01-22,2011-06-05
CS5123,0,1047,15,2014-02-10,2011-11-02
CS5124,1,1973,28,2014-12-16,2011-05-19
CS5125,0,1319,20,2015-03-04,2011-05-18
CS5126,0,1654,25,2015-02-26,2011-06-15
CS5127,0,1208,15,2014-11-26,2011-06-05
CS5128,0,1856,27,2014-12-15,2011-07-27
CS5129,0,1567,24,2014-12-10,2011-06-21
CS5130,0,1666,25,2014-12-29,2011-06-01
CS5131,0,2083,29,2014-11-08,2011-06-01
CS5132,0,1568,22,2015-02-15,2011-08-04
CS5133,1,1428,18,2015-02-08,2011-05-19
CS5134,0,942,16,2015-01-09,2011-08-10
CS5135,0,1525,23,2015-02-13,2011-05-18
CS5136,0,1643,22,2015-02-01,2011-05-29
CS5137,0,1529,21,2014-11-06,2011-10-20
CS5138,0,1352,19,2015-03-05,2011-11-19
CS5139,0,1493,22,2014-12-23,2011-06-29
CS5140,0,1647,23,2014-12-22,2011-12-08
CS5141,1,1990,29,2014-12-23,2011-05-26
CS5142,0,1323,19,2015-03-08,2011-05-17
CS5143,0,1642,23,2015-02-11,2011-11-18
CS5144,0,924,14,2014-10-10,2011-06-28
CS5145,0,1370,20,2014-12-31,2011-07-02
CS5146,0,1246,17,2014-12-19,2011-07-06
CS5147,0,1197,18,2015-02-09,2011-08-10
CS5148,0,1726,26,2014-12-25,2011-05-21
CS5149,0,887,13,2014-11-14,2011-08-11
CS5150,0,822,11,2015-01-11,2011-09-29
CS5151,0,1151,18,2014-12-03,2011-05-22
CS5152,0,839,12,2014-11-04,2011-07-14
CS5153,0,1506,21,2015-01-08,2011-09-30
CS5154,0,2008,31,2015-03-09,2011-06-15
CS5155,0,1838,26,2015-02-06,2011-06-29
CS5156,0,1185,16,2014-12-10,2011-05-22
CS5157,0,1473,22,2015-01-26,2011-07-12
CS5158,0,1249,19,2014-12-11,2011-07-14
CS5159,0,2123,28,2015-01-23,2011-06-11
CS5160,1,1526,21,2015-03-08,2011-05-27
CS5161,1,1371,18,2015-01-16,2011-06-11
CS5162,0,1314,18,2014-09-22,2011-09-15
CS5163,0,2037,28,2015-03-08,2011-09-23
CS5164,0,1157,18,2015-03-01,2011-10-10
CS5165,0,1705,25,2015-01-01,2011-05-29
CS5166,0,1951,27,2015-03-01,2011-06-14
CS5167,0,1082,16,2014-11-06,2011-12-02
CS5168,0,1458,20,2015-02-26,2011-05-24
CS5169,0,1241,18,2014-12-07,2011-09-13
CS5170,0,1329,20,2015-02-13,2011-07-11
CS5171,0,1286,18,2015-03-15,2011-05-19
CS5172,0,1362,21,2014-11-09,2011-05-23
CS5173,0,684,11,2014-09-25,2011-10-09
CS5174,1,1616,25,2015-01-12,2011-06-01
CS5175,0,1680,25,2015-02-18,2011-09-19
CS5176,1,1905,28,2014-10-23,2011-05-30
CS5177,0,1036,14,2014-05-18,2011-07-17
CS5178,0,1387,21,2015-01-28,2011-06-26
CS5179,0,1033,14,2014-09-04,2011-05-31
CS5180,0,825,11,2015-02-01,2011-06-25
CS5181,0,1142,16,2015-03-09,2011-06-18
CS5182,0,1517,23,2014-11-07,2011-06-20
CS5183,0,1173,17,2015-03-12,2011-07-07
CS5184,0,1879,28,2015-03-13,2011-06-01
CS5185,0,1861,27,2015-02-22,2011-05-17
CS5186,0,777,12,2014-01-19,2012-02-19
CS5187,0,2023,28,2015-03-12,2011-05-29
CS5188,0,1024,16,2015-03-02,2011-08-17
CS5189,1,1944,28,2014-12-29,2011-08-05
CS5190,0,1420,21,2015-03-02,2011-05-21
CS5191,0,1889,27,2015-03-12,2011-07-03
CS5192,0,1474,21,2015-02-02,2011-06-04
CS5193,0,1586,24,2015-02-28,2011-12-01
CS5194,0,1062,16,2014-11-05,2011-08-04
CS5195,1,1302,19,2014-10-05,2011-09-22
CS5196,0,1356,22,2015-02-12,2011-07-21
CS5197,0,1165,16,2015-02-23,2011-05-18
CS5198,0,1801,26,2015-03-09,2011-06-07
CS5199,0,1103,14,2015-03-01,2011-07-13
CS5200,0,1473,21,2015-03-14,2011-05-26
CS5201,0,1343,20,2015-02-14,2011-05-26
CS5202,0,1954,27,2014-10-22,2011-09-19
CS5203,0,1850,27,2015-03-11,2011-08-13
CS5204,0,1536,21,2015-03-04,2011-06-04
CS5205,0,1185,17,2015-01-22,2011-09-10
CS5206,0,1001,14,2014-12-10,2011-11-02
CS5207,0,1193,16,2014-12-14,2011-05-25
CS5208,0,1364,20,2015-02-14,2011-08-23
CS5209,0,1211,20,2014-09-03,2011-07-03
CS5210,0,1329,17,2014-10-25,2011-05-18
CS5211,0,1273,18,2015-01-13,2012-02-04
CS5212,0,1669,25,2015-01-25,2011-07-09
CS5213,0,1846,26,2015-01-09,2011-05-25
CS5214,0,1181,17,2014-09-25,2011-06-19
CS5215,0,1023,14,2015-03-03,2011-09-05
CS5216,0,671,11,2014-12-11,2011-05-19
CS5217,0,1440,20,2015-01-25,2011-06-11
CS5218,0,1229,16,2014-12-24,2011-07-24
CS5219,0,1420,19,2014-11-11,2011-06-13
CS5220,0,1473,20,2014-10-05,2011-06-21
CS5221,0,1387,22,2015-03-14,2011-05-20
CS5222,0,1397,22,2015-02-22,2011-07-16
CS5223,0,2060,27,2015-02-24,2011-10-23
CS5224,0,1489,19,2015-02-20,2011-08-04
CS5225,1,1334,22,2014-12-06,2011-08-24
CS5226,0,2011,28,2015-02-19,2011-06-15
CS5227,0,1100,16,2014-12-24,2012-02-29
CS5228,0,1179,18,2015-02-16,2011-06-30
CS5229,0,669,11,2015-01-09,2011-11-23
CS5230,0,1457,23,2015-03-11,2011-07-01
CS5231,0,1432,22,2014-11-19,2011-11-07
CS5232,0,1382,21,2015-03-01,2011-06-12
CS5233,0,795,11,2014-09-27,2012-06-24
CS5234,0,1082,15,2015-02-08,2011-05-18
CS5235,0,1128,17,2015-01-23,2011-07-11
CS5236,0,1212,17,2014-10-04,2011-05-18
CS5237,0,1582,23,2014-11-29,2011-07-10
CS5238,0,2015,28,2015-02-10,2011-05-26
CS5239,1,1256,18,2014-11-02,2011-08-28
CS5240,1,1563,21,2015-01-05,2011-11-12
CS5241,0,1217,19,2015-03-03,2011-09-29
CS5242,0,1534,22,2014-12-31,2011-08-29
CS5243,0,1108,17,2014-10-31,2011-08-31
CS5244,0,2114,30,2015-02-28,2011-05-26
CS5245,0,1465,20,2015-02-23,2011-05-24
CS5246,0,1403,21,2015-03-04,2011-06-04
CS5247,0,1797,26,2015-02-07,2011-07-05
CS5248,0,1217,20,2014-12-11,2011-09-28
CS5249,0,1451,20,2014-12-03,2011-10-09
CS5250,0,1331,18,2014-12-14,2011-07-02
CS5251,0,1706,25,2015-03-16,2011-05-29
CS5252,0,1178,17,2014-10-30,2011-08-31
CS5253,0,1163,17,2015-02-24,2011-10-03
CS5254,0,1432,24,2015-01-09,2011-06-19
CS5255,0,1298,18,2015-01-15,2011-05-27
CS5256,0,1431,20,2015-02-12,2011-05-19
CS5257,0,1667,24,2014-10-25,2011-07-13
CS5258,0,596,10,2015-03-04,2012-03-11
CS5259,0,1576,22,2015-03-09,2011-07-07
CS5260,1,1790,25,2015-03-10,2011-07-07
CS5261,0,1198,18,2015-02-22,2011-07-19
CS5262,0,1020,15,2014-11-09,2011-05-23
CS5263,0,1471,21,2014-12-05,2011-06-11
CS5264,0,1011,15,2015-03-07,2011-08-03
CS5265,0,1267,18,2015-02-14,2011-06-22
CS5266,1,1579,22,2015-03-03,2011-07-26
CS5267,1,1536,23,2014-10-25,2011-07-11
CS5268,0,1647,23,2015-02-17,2011-06-17
CS5269,0,833,13,2015-03-09,2011-10-31
CS5270,0,1600,22,2015-02-26,2011-05-28
CS5271,0,1557,22,2015-01-27,2011-07-31
CS5272,0,1487,19,2014-10-01,2011-05-27
CS5273,1,1435,24,2014-11-25,2011-07-05
CS5274,0,1146,18,2014-12-20,2011-06-19
CS5275,0,1345,20,2014-12-19,2011-07-21
CS5276,0,1724,26,2015-01-09,2011-06-03
CS5277,1,1427,19,2014-11-23,2011-07-12
CS5278,0,1819,28,2015-01-28,2011-08-07
CS5279,0,987,13,2015-01-07,2011-06-02
CS5280,1,1312,19,2014-07-05,2011-05-17
CS5281,0,1537,23,2014-03-28,2011-08-13
CS5282,0,1424,23,2015-03-07,2011-07-10
CS5283,0,1647,23,2015-02-05,2012-02-06
CS5284,0,843,14,2015-02-20,2011-09-20
CS5285,0,1218,19,2015-03-15,2011-12-09
CS5286,0,579,8,2013-05-26,2011-06-08
CS5287,0,2307,32,2015-03-14,2011-05-31
CS5288,0,972,14,2015-03-11,2011-07-06
CS5289,0,2013,31,2015-03-06,2011-05-19
CS5290,0,1462,23,2015-01-12,2011-05-19
CS5291,0,1652,24,2015-01-14,2011-05-22
CS5292,1,1841,27,2015-01-26,2011-06-26
CS5293,0,1431,20,2015-02-08,2011-05-16
CS5294,1,983,14,2014-12-12,2011-06-24
CS5295,1,1637,25,2014-11-25,2011-10-27
CS5296,0,1475,21,2015-02-21,2011-08-15
CS5297,0,1068,16,2014-12-25,2011-06-15
CS5298,0,1012,15,2015-02-08,2011-12-26
CS5299,0,1636,22,2015-01-14,2011-05-19
CS5300,0,1227,16,2014-11-13,2011-05-29
CS5301,0,1428,23,2015-03-16,2011-06-09
CS5302,0,2016,27,2015-02-12,2011-07-16
CS5303,0,1298,19,2014-12-24,2011-05-28
CS5304,0,1558,23,2014-10-16,2011-05-19
CS5305,1,1291,21,2015-02-18,2011-08-25
CS5306,0,1788,22,2015-02-06,2011-05-26
CS5307,0,958,13,2015-03-16,2011-07-19
CS5308,1,1864,27,2014-10-05,2011-06-19
CS5309,0,1161,20,2014-12-11,2011-08-28
CS5310,0,918,14,2015-03-09,2011-05-24
CS5311,0,1299,19,2015-01-18,2011-06-01
CS5312,0,1225,17,2014-11-20,2011-06-13
CS5313,0,1193,17,2014-11-11,2011-09-24
CS5314,0,1010,14,2014-12-08,2011-05-18
CS5315,0,1362,20,2015-03-16,2011-05-30
CS5316,0,1420,18,2015-02-19,2011-10-25
CS5317,0,1123,15,2015-01-02,2011-06-03
CS5318,0,1114,17,2015-01-05,2011-08-25
CS5319,1,1404,21,2015-02-01,2012-01-07
CS5320,0,1154,16,2014-12-10,2011-07-16
CS5321,0,804,12,2015-02-24,2011-06-23
CS5322,0,1168,16,2015-01-22,2011-06-27
CS5323,0,2280,32,2015-03-12,2011-05-22
CS5324,0,602,10,2014-05-24,2011-06-17
CS5325,1,1726,25,2015-02-03,2011-05-31
CS5326,1,1751,25,2014-11-21,2011-10-07
CS5327,0,938,12,2014-11-04,2011-07-04
CS5328,0,1094,15,2014-11-20,2012-02-12
CS5329,0,1766,26,2014-11-25,2011-07-17
CS5330,0,1159,17,2015-01-05,2011-07-13
CS5331,0,1526,20,2015-02-05,2011-08-13
CS5332,1,1813,27,2015-03-05,2011-05-24
CS5333,0,1222,16,2014-10-06,2011-05-27
CS5334,0,1486,21,2015-03-13,2011-06-03
CS5335,0,1622,23,2015-02-25,2011-06-20
CS5336,0,1135,17,2014-06-13,2011-05-25
CS5337,0,889,11,2014-10-15,2011-10-24
CS5338,0,1514,22,2015-03-10,2011-07-06
CS5339,0,1283,17,2015-02-10,2011-06-20
CS5340,0,1873,26,2015-03-03,2011-07-17
CS5341,1,1318,19,2014-11-26,2011-06-12
CS5342,0,1576,25,2015-03-11,2011-05-24
CS5343,0,1973,26,2015-03-03,2011-07-26
CS5344,0,1303,18,2014-11-17,2011-05-24
CS5345,0,1567,20,2015-01-25,2011-07-05
CS5346,0,1801,25,2015-03-12,2011-05-18
CS5347,0,1652,25,2015-02-22,2011-05-19
CS5348,0,1457,19,2015-01-30,2011-07-20
CS5349,0,1314,17,2014-05-13,2011-06-05
CS5350,0,1478,21,2014-10-10,2011-09-01
CS5351,0,1330,22,2015-01-27,2011-05-29
CS5352,0,1345,21,2015-01-27,2011-05-24
CS5353,0,1229,21,2015-02-24,2011-06-12
CS5354,0,1259,18,2014-12-05,2011-06-24
CS5355,0,1067,14,2014-11-21,2011-06-25
CS5356,1,1447,20,2015-01-09,2011-05-28
CS5357,0,1090,17,2014-11-16,2011-08-27
CS5358,0,788,12,2014-09-05,2011-10-13
CS5359,0,1009,13,2014-11-14,2011-07-16
CS5360,0,1083,15,2015-03-06,2011-08-18
CS5361,0,1522,22,2014-09-10,2011-06-02
CS5362,1,976,13,2014-12-04,2011-05-28
CS5363,0,1015,15,2015-03-15,2011-10-15
CS5364,0,1814,27,2015-01-30,2011-06-09
CS5365,0,1471,21,2015-01-12,2011-05-25
CS5366,0,1429,20,2015-03-11,2011-06-18
CS5367,1,1661,21,2015-01-08,2011-08-31
CS5368,0,809,12,2014-09-02,2011-06-20
CS5369,0,1256,17,2014-12-25,2011-06-12
CS5370,1,1258,20,2015-02-14,2012-02-03
CS5371,0,1257,19,2014-11-14,2011-08-04
CS5372,0,1721,24,2014-10-07,2011-05-28
CS5373,0,1599,24,2015-01-15,2011-06-23
CS5374,0,1385,21,2014-12-23,2011-07-09
CS5375,1,1956,29,2014-11-09,2011-06-24
CS5376,0,1584,25,2015-01-29,2011-12-12
CS5377,0,934,13,2014-12-30,2011-08-13
CS5378,0,554,9,2014-04-09,2011-07-22
CS5379,0,879,13,2015-01-17,2011-08-06
CS5380,0,1212,17,2015-02-17,2011-06-21
CS5381,0,855,12,2014-10-01,2012-06-04
CS5382,1,1890,29,2014-10-29,2011-08-07
CS5383,0,1620,23,2014-12-21,2011-07-07
CS5384,0,1362,20,2015-02-04,2011-09-01
CS5385,0,740,13,2015-01-19,2011-05-24
CS5386,1,1611,24,2015-02-14,2011-06-18
CS5387,0,1416,20,2014-11-01,2011-06-23
CS5388,0,1156,14,2015-01-16,2011-07-25
CS5389,1,1232,18,2014-07-28,2011-07-16
CS5390,0,1824,25,2014-12-14,2011-06-11
CS5391,0,1356,19,2015-01-03,2011-07-17
CS5392,0,1473,19,2015-01-09,2011-07-04
CS5393,0,1337,18,2015-03-05,2011-05-20
CS5394,0,2092,29,2015-02-10,2011-06-16
CS5395,1,1382,20,2014-11-14,2011-06-23
CS5396,0,1309,18,2015-01-01,2012-05-13
CS5397,0,2065,29,2015-03-04,2011-05-20
CS5398,0,1280,18,2015-03-16,2012-01-03
CS5399,0,1737,23,2014-12-30,2011-11-04
CS5400,0,1187,18,2015-02-08,2011-12-23
CS5401,0,1479,20,2014-11-30,2011-06-08
CS5402,0,1546,21,2015-01-10,2011-05-31
CS5403,0,1774,24,2015-03-03,2011-07-29
CS5404,1,1476,20,2015-02-15,2011-07-21
CS5405,0,1577,22,2014-12-06,2011-05-30
CS5406,1,1498,22,2015-02-08,2011-06-23
CS5407,0,1226,17,2015-01-26,2011-08-02
CS5408,0,1938,27,2015-01-06,2011-07-02
CS5409,0,1371,19,2015-02-03,2011-06-03
CS5410,0,1034,13,2014-12-16,2011-12-13
CS5411,0,1724,24,2014-11-22,2011-07-17
CS5412,1,1301,19,2015-02-15,2011-08-20
CS5413,0,1598,23,2015-03-15,2011-05-23
CS5414,0,1589,21,2014-11-05,2011-07-19
CS5415,0,1250,18,2015-02-16,2011-05-30
CS5416,0,1424,21,2015-01-07,2011-05-27
CS5417,0,1859,23,2015-01-10,2011-05-26
CS5418,0,1087,16,2015-03-03,2011-07-14
CS5419,0,1643,24,2015-02-26,2011-06-26
CS5420,0,1156,18,2015-02-26,2011-05-28
CS5421,0,967,15,2015-03-04,2011-06-15
CS5422,0,1219,17,2014-07-05,2011-06-06
CS5423,0,796,12,2015-02-09,2012-03-20
CS5424,1,1278,19,2014-11-25,2011-12-23
CS5425,0,1395,21,2015-02-25,2011-12-26
CS5426,0,1392,20,2014-08-12,2011-08-26
CS5427,1,1333,19,2015-02-11,2011-07-24
CS5428,0,1847,26,2015-03-11,2011-05-23
CS5429,0,1374,19,2015-01-10,2011-06-06
CS5430,1,1225,17,2015-02-20,2012-06-17
CS5431,0,994,16,2015-03-12,2011-12-18
CS5432,0,1312,20,2015-02-01,2011-08-07
CS5433,0,1293,19,2014-10-12,2011-05-21
CS5434,0,1147,16,2015-01-31,2011-06-05
CS5435,0,1351,19,2014-12-13,2011-06-26
CS5436,0,1355,18,2014-08-18,2011-05-16
CS5437,0,1167,18,2014-12-24,2011-10-08
CS5438,0,1580,21,2014-11-21,2011-06-26
CS5439,0,1643,24,2015-02-13,2011-08-03
CS5440,0,1021,16,2015-02-03,2011-05-27
CS5441,0,1381,20,2015-02-04,2011-06-22
CS5442,0,1732,24,2015-02-20,2011-06-30
CS5443,0,1995,27,2014-11-04,2011-07-30
CS5444,0,1455,23,2015-01-10,2011-07-26
CS5445,0,1203,18,2015-03-14,2011-05-23
CS5446,0,1924,28,2015-03-04,2011-05-30
CS5447,0,959,14,2014-09-20,2011-06-04
CS5448,0,1987,28,2014-11-23,2011-06-03
CS5449,0,1620,22,2015-01-07,2011-05-23
CS5450,0,2044,28,2014-09-01,2011-07-21
CS5451,0,1115,16,2014-10-28,2011-06-19
CS5452,0,1397,19,2014-10-11,2011-07-18
CS5453,0,1304,19,2014-12-25,2011-06-22
CS5454,0,1824,25,2015-01-19,2011-06-11
CS5455,0,1349,20,2014-12-08,2011-06-07
CS5456,0,1267,18,2015-02-24,2011-05-22
CS5457,0,674,11,2015-01-22,2011-08-26
CS5458,0,2075,26,2015-03-11,2011-06-09
CS5459,0,1246,16,2014-08-08,2011-06-13
CS5460,0,1287,20,2015-03-08,2011-05-19
CS5461,1,1553,22,2015-01-01,2011-05-30
CS5462,0,1350,19,2014-10-13,2011-07-28
CS5463,0,1658,24,2014-10-18,2011-05-17
CS5464,0,1731,23,2015-01-30,2011-06-17
CS5465,0,1199,17,2015-01-20,2011-09-23
CS5466,0,1711,24,2014-10-25,2011-05-18
CS5467,0,1552,24,2015-01-27,2011-05-21
CS5468,0,1684,23,2015-01-20,2011-06-26
CS5469,0,1306,19,2015-01-05,2011-05-27
CS5470,0,1425,20,2015-03-03,2011-12-24
CS5471,0,908,14,2014-09-28,2011-06-01
CS5472,0,1551,21,2015-02-23,2011-07-14
CS5473,0,1173,16,2014-06-12,2011-11-05
CS5474,0,1105,18,2015-01-31,2011-05-18
CS5475,0,1510,22,2015-03-12,2011-05-24
CS5476,0,1912,28,2015-02-18,2011-05-29
CS5477,0,1549,21,2015-03-04,2011-06-28
CS5478,0,1508,22,2015-03-07,2011-07-16
CS5479,0,1486,22,2015-03-07,2011-06-26
CS5480,1,1681,24,2015-01-19,2011-06-07
CS5481,0,1667,23,2015-01-11,2011-06-26
CS5482,1,1758,23,2014-09-22,2011-08-07
CS5483,0,1491,21,2014-10-11,2011-05-22
CS5484,1,1071,18,2014-10-22,2011-06-12
CS5485,0,1189,19,2015-02-28,2011-05-20
CS5486,0,1406,20,2015-01-09,2011-07-05
CS5487,0,1511,22,2015-02-15,2011-06-12
CS5488,0,1627,24,2015-02-01,2011-06-18
CS5489,0,1769,26,2015-02-05,2011-05-28
CS5490,0,1564,25,2015-02-28,2011-09-10
CS5491,1,1669,24,2014-08-29,2011-06-05
CS5492,0,1983,26,2015-02-18,2011-06-11
CS5493,0,1611,24,2015-03-04,2011-05-19
CS5494,0,1216,18,2014-08-17,2011-05-23
CS5495,0,1623,22,2015-01-11,2011-06-13
CS5496,0,1346,19,2014-09-30,2011-09-06
CS5497,0,1122,16,2014-12-15,2011-06-25
CS5498,0,2129,29,2015-01-20,2011-11-07
CS5499,0,1049,14,2015-01-28,2011-06-23
CS5500,0,1749,25,2015-03-11,2011-07-21
CS5501,0,1788,26,2015-03-01,2011-07-29
CS5502,0,1832,26,2015-02-07,2011-06-03
CS5503,1,1176,17,2014-12-19,2012-01-05
CS5504,0,1154,15,2015-02-27,2011-07-03
CS5505,0,1127,20,2015-02-21,2011-07-20
CS5506,0,992,13,2015-01-02,2011-09-26
CS5507,0,1758,25,2015-02-19,2011-05-27
CS5508,1,1495,22,2014-12-27,2011-08-01
CS5509,0,1156,16,2014-10-25,2011-07-02
CS5510,0,1415,19,2015-01-22,2011-08-11
CS5511,0,1307,19,2015-01-08,2011-10-24
CS5512,0,975,13,2014-09-07,2011-05-21
CS5513,0,1664,25,2014-07-22,2011-06-04
CS5514,1,1668,25,2014-12-29,2011-10-31
CS5515,0,1084,17,2015-03-15,2011-07-17
CS5516,0,1193,16,2014-06-16,2011-07-06
CS5517,0,1160,16,2015-03-11,2011-06-16
CS5518,0,2089,31,2015-01-05,2011-08-05
CS5519,0,1755,26,2015-01-21,2011-06-28
CS5520,0,1177,17,2015-02-16,2011-11-06
CS5521,0,1169,16,2014-07-27,2011-07-14
CS5522,0,2131,29,2015-02-06,2011-05-28
CS5523,0,1642,23,2015-02-18,2011-07-15
CS5524,1,1414,18,2015-03-16,2011-07-13
CS5525,0,1628,22,2015-02-08,2011-05-29
CS5526,0,1161,17,2015-02-25,2012-01-09
CS5527,0,1805,24,2015-02-03,2011-06-20
CS5528,0,2312,31,2015-02-13,2011-07-04
CS5529,0,1284,17,2014-12-01,2011-05-16
CS5530,0,1148,16,2014-08-26,2011-06-24
CS5531,0,1598,23,2014-11-28,2011-05-17
CS5532,0,1618,23,2014-12-27,2011-05-30
CS5533,0,1043,17,2014-12-21,2012-03-14
CS5534,0,1148,16,2015-02-26,2011-07-25
CS5535,0,1540,21,2015-03-06,2011-08-21
CS5536,0,1400,20,2015-02-11,2011-09-09
CS5537,0,1491,19,2015-01-09,2011-06-21
CS5538,0,1106,17,2015-01-25,2011-07-04
CS5539,0,1354,18,2015-01-08,2011-05-27
CS5540,0,1102,16,2015-02-09,2011-06-21
CS5541,0,1341,19,2014-12-13,2011-06-21
CS5542,0,1244,17,2015-02-04,2011-08-17
CS5543,0,1580,22,2015-03-04,2011-10-24
CS5544,0,1327,18,2014-12-21,2011-06-24
CS5545,0,1413,18,2015-02-25,2011-07-23
CS5546,0,1162,15,2015-01-09,2011-06-04
CS5547,1,1599,23,2014-08-26,2011-10-02
CS5548,0,947,13,2015-01-05,2011-06-27
CS5549,0,1349,18,2015-02-02,2011-10-02
CS5550,0,1677,23,2014-11-10,2011-08-29
CS5551,0,1080,17,2015-03-05,2011-10-02
CS5552,0,1008,15,2014-12-29,2011-05-28
CS5553,0,1376,17,2015-03-06,2012-01-08
CS5554,0,1068,14,2015-03-01,2011-05-23
CS5555,0,2439,31,2015-03-07,2011-06-13
CS5556,0,1302,20,2015-03-13,2011-05-19
CS5557,0,1771,23,2015-01-19,2011-06-12
CS5558,0,698,12,2015-01-23,2011-06-18
CS5559,0,981,14,2015-03-10,2011-07-09
CS5560,0,1517,20,2014-10-30,2011-05-28
CS5561,0,1114,19,2015-01-11,2011-07-23
CS5562,0,1300,17,2015-03-08,2011-06-21
CS5563,0,983,14,2014-05-25,2011-08-20
CS5564,0,1918,28,2014-12-16,2011-07-04
CS5565,0,1556,23,2015-01-27,2011-05-25
CS5566,0,1741,26,2015-02-05,2011-06-09
CS5567,0,1406,21,2015-02-28,2011-08-30
CS5568,0,1309,21,2015-01-07,2011-06-16
CS5569,0,997,15,2015-03-06,2011-08-07
CS5570,0,1699,26,2014-10-19,2011-07-06
CS5571,0,1267,18,2015-02-20,2011-12-08
CS5572,0,954,14,2015-03-07,2011-11-24
CS5573,1,1707,24,2014-12-19,2011-05-16
CS5574,0,1388,20,2014-10-24,2011-06-21
CS5575,0,707,12,2015-01-23,2012-03-16
CS5576,0,1720,25,2014-12-17,2011-09-29
CS5577,0,1459,20,2015-01-11,2011-07-12
CS5578,0,1720,22,2014-12-22,2011-05-24
CS5579,0,1218,18,2014-09-09,2011-07-25
CS5580,0,1703,24,2014-11-10,2011-05-23
CS5581,0,1070,17,2015-03-07,2011-06-24
CS5582,0,1087,16,2014-11-10,2011-10-27
CS5583,0,2017,29,2015-03-10,2011-05-17
CS5584,0,1125,15,2015-01-17,2011-05-17
CS5585,0,673,11,2014-08-09,2011-09-17
CS5586,0,1687,24,2015-01-30,2011-05-24
CS5587,0,1495,22,2015-01-02,2011-07-08
CS5588,0,1737,24,2015-02-25,2011-07-09
CS5589,1,1850,26,2015-02-09,2011-08-07
CS5590,0,1290,20,2014-12-06,2011-08-18
CS5591,0,1476,20,2015-03-09,2011-05-17
CS5592,0,1479,21,2014-10-07,2012-03-23
CS5593,0,1373,20,2015-02-18,2011-10-22
CS5594,1,1671,25,2015-03-16,2011-07-03
CS5595,0,1463,21,2015-02-22,2011-11-09
CS5596,0,911,12,2014-09-21,2011-07-08
CS5597,0,1066,16,2015-03-04,2011-09-10
CS5598,1,1592,21,2015-01-11,2011-06-17
CS5599,1,1288,19,2015-03-12,2011-05-31
CS5600,0,1127,17,2015-02-25,2011-05-16
CS5601,0,1190,17,2014-12-04,2011-05-26
CS5602,0,1697,25,2015-01-06,2011-06-16
CS5603,1,1692,22,2015-01-05,2011-05-19
CS5604,0,1036,14,2015-02-26,2011-06-16
CS5605,0,1319,18,2015-03-06,2011-06-13
CS5606,0,1620,21,2015-03-09,2011-06-23
CS5607,0,1343,20,2014-07-03,2011-05-23
CS5608,0,1084,16,2015-01-25,2011-07-20
CS5609,0,1430,20,2014-12-09,2011-06-19
CS5610,0,1386,19,2014-12-26,2011-05-21
CS5611,0,1441,20,2015-02-01,2011-11-15
CS5612,0,1099,16,2014-09-05,2011-09-20
CS5613,0,1313,19,2015-02-09,2011-05-16
CS5614,0,1400,20,2015-02-11,2011-05-25
CS5615,0,1069,14,2015-02-07,2011-07-09
CS5616,0,1306,21,2015-03-09,2011-05-19
CS5617,0,1401,20,2014-11-30,2011-07-29
CS5618,0,1346,22,2015-02-26,2011-08-15
CS5619,0,1065,16,2015-02-11,2011-06-27
CS5620,1,1782,25,2015-03-14,2011-05-20
CS5621,1,1338,21,2015-02-16,2011-06-17
CS5622,0,1032,16,2014-06-23,2011-05-22
CS5623,0,1262,18,2015-03-01,2011-05-30
CS5624,0,1178,15,2014-12-22,2011-07-05
CS5625,1,1274,20,2015-02-14,2011-06-03
CS5626,0,1049,14,2015-01-07,2011-06-30
CS5627,0,1601,21,2015-02-27,2011-05-24
CS5628,0,1093,16,2015-02-08,2011-06-07
CS5629,1,1846,26,2014-10-12,2011-06-05
CS5630,1,1671,25,2015-03-02,2011-06-06
CS5631,0,896,15,2014-12-12,2011-05-28
CS5632,0,1560,22,2014-12-25,2011-07-18
CS5633,0,1781,23,2015-03-03,2011-06-28
CS5634,0,1103,16,2014-10-30,2011-10-01
CS5635,0,1553,23,2014-12-18,2011-09-05
CS5636,0,1373,21,2014-12-21,2011-09-18
CS5637,0,1589,20,2015-01-27,2011-06-04
CS5638,0,1484,21,2015-01-02,2011-07-22
CS5639,0,1695,23,2015-03-02,2011-08-06
CS5640,0,1019,16,2015-01-07,2011-05-29
CS5641,0,712,11,2015-02-25,2011-06-19
CS5642,0,1802,26,2015-01-11,2011-06-30
CS5643,0,1581,22,2015-02-11,2011-06-18
CS5644,1,1449,21,2014-11-23,2011-07-08
CS5645,0,1294,18,2015-03-07,2011-06-18
CS5646,0,1272,20,2015-03-04,2011-07-26
CS5647,0,1246,17,2015-01-22,2011-06-02
CS5648,0,1410,19,2015-03-03,2011-08-22
CS5649,0,1449,21,2014-12-22,2011-05-30
CS5650,0,1169,20,2015-02-20,2011-06-04
CS5651,1,984,14,2014-10-25,2011-08-09
CS5652,0,1489,20,2014-12-20,2011-06-01
CS5653,0,1370,18,2014-02-15,2011-06-21
CS5654,1,1616,25,2015-03-10,2011-11-29
CS5655,0,1583,21,2014-09-18,2011-06-03
CS5656,1,1820,23,2014-12-31,2011-06-24
CS5657,0,751,12,2015-02-05,2011-08-20
CS5658,1,1400,19,2014-12-25,2011-06-07
CS5659,0,1736,24,2015-01-23,2011-07-09
CS5660,0,1012,16,2015-01-25,2011-05-31
CS5661,0,1518,23,2015-02-27,2011-09-27
CS5662,0,1608,22,2015-03-07,2011-06-28
CS5663,1,1692,23,2014-09-05,2011-05-20
CS5664,0,1357,21,2015-02-01,2011-06-09
CS5665,0,1583,23,2015-03-16,2011-07-09
CS5666,0,673,10,2014-11-26,2011-07-10
CS5667,0,1333,20,2014-11-19,2011-06-27
CS5668,0,1802,27,2015-03-15,2011-05-28
CS5669,1,1493,20,2014-09-06,2011-09-26
CS5670,0,1811,22,2015-02-11,2011-06-07
CS5671,0,1090,17,2015-03-07,2011-06-08
CS5672,0,1367,21,2014-10-26,2011-06-20
CS5673,0,1220,18,2015-02-26,2011-06-24
CS5674,0,1847,27,2014-12-17,2011-06-21
CS5675,0,1724,24,2014-10-29,2011-06-04
CS5676,0,1311,21,2015-01-17,2011-05-29
CS5677,0,1746,21,2015-02-27,2011-05-24
CS5678,0,1965,30,2014-11-14,2011-05-21
CS5679,0,1375,18,2015-01-18,2011-06-06
CS5680,0,1118,17,2015-01-26,2011-06-17
CS5681,0,1182,19,2015-02-24,2011-06-22
CS5682,0,1403,20,2015-02-27,2011-08-04
CS5683,0,821,14,2014-10-02,2011-07-03
CS5684,0,1923,27,2015-03-16,2011-07-16
CS5685,0,2086,28,2015-01-23,2011-06-13
CS5686,0,1070,13,2014-08-21,2011-09-02
CS5687,0,1516,21,2015-02-04,2011-07-01
CS5688,0,868,12,2014-12-24,2011-07-17
CS5689,0,1536,20,2014-06-10,2011-08-21
CS5690,0,1320,19,2015-01-19,2011-06-07
CS5691,0,1344,18,2015-01-24,2011-11-04
CS5692,0,1113,16,2015-02-20,2011-11-14
CS5693,1,1369,18,2015-02-17,2011-07-01
CS5694,0,1245,18,2015-02-06,2011-09-25
CS5695,0,1611,24,2015-02-17,2011-06-02
CS5696,0,1178,17,2014-12-12,2011-09-03
CS5697,0,1988,27,2015-02-21,2011-06-17
CS5698,0,1527,21,2014-10-18,2011-07-05
CS5699,0,1240,17,2015-01-23,2011-11-23
CS5700,0,1911,28,2015-02-27,2011-06-03
CS5701,0,1717,25,2015-01-06,2011-06-16
CS5702,0,1420,20,2014-12-07,2011-10-21
CS5703,0,1467,21,2015-03-08,2011-10-27
CS5704,0,836,12,2014-11-23,2011-10-05
CS5705,0,1012,13,2014-04-16,2011-06-17
CS5706,0,1260,17,2015-03-12,2011-06-14
CS5707,0,1452,20,2015-02-10,2011-06-01
CS5708,0,1691,22,2015-01-09,2011-06-03
CS5709,0,1428,19,2015-02-17,2011-07-26
CS5710,0,964,14,2014-06-30,2011-06-05
CS5711,0,1506,22,2014-11-19,2011-05-29
CS5712,0,1639,23,2015-01-22,2011-06-06
CS5713,0,1444,20,2014-08-25,2011-06-13
CS5714,1,1191,21,2015-03-01,2011-10-14
CS5715,0,1147,17,2015-03-05,2011-08-06
CS5716,0,933,13,2015-01-13,2011-07-08
CS5717,1,2068,30,2015-01-02,2011-05-21
CS5718,0,1184,16,2015-03-12,2011-06-15
CS5719,1,1554,24,2014-12-17,2011-07-10
CS5720,0,1593,21,2015-03-01,2011-05-30
CS5721,0,706,11,2014-10-24,2011-11-02
CS5722,0,1445,20,2015-03-01,2011-06-11
CS5723,0,1128,17,2015-02-05,2011-06-20
CS5724,0,1921,26,2015-01-31,2011-07-05
CS5725,0,1071,17,2014-11-17,2011-08-08
CS5726,0,1126,16,2015-02-05,2011-08-07
CS5727,0,1666,22,2015-03-16,2011-05-27
CS5728,0,1052,16,2014-12-03,2011-06-01
CS5729,0,1495,20,2014-12-05,2011-07-08
CS5730,0,1519,22,2014-08-18,2011-11-01
CS5731,0,1117,16,2014-12-10,2011-06-13
CS5732,0,1694,24,2015-02-16,2011-07-13
CS5733,0,1567,20,2015-01-30,2011-06-21
CS5734,0,1072,16,2015-01-18,2011-05-16
CS5735,0,990,15,2015-01-07,2011-10-18
CS5736,0,876,14,2015-02-26,2011-09-25
CS5737,0,1384,20,2015-02-05,2011-06-20
CS5738,0,1368,22,2015-02-25,2011-06-21
CS5739,0,1755,25,2015-01-25,2011-06-30
CS5740,0,1624,23,2015-03-02,2011-08-30
CS5741,0,1787,24,2015-03-10,2011-06-15
CS5742,0,1970,27,2015-01-08,2011-08-11
CS5743,0,1460,20,2015-02-23,2011-06-01
CS5744,1,1922,27,2015-01-12,2011-07-11
CS5745,0,1275,18,2015-01-04,2011-06-24
CS5746,0,1200,17,2015-02-01,2011-09-08
CS5747,0,1188,20,2015-02-04,2011-06-09
CS5748,0,1415,21,2014-11-22,2011-08-31
CS5749,0,1752,22,2014-11-15,2011-06-19
CS5750,0,1304,19,2015-01-20,2011-08-17
CS5751,0,1297,17,2014-11-09,2011-09-26
CS5752,0,2612,33,2014-12-28,2011-05-21
CS5753,0,1029,14,2015-01-30,2011-06-28
CS5754,0,1663,24,2015-02-17,2011-06-12
CS5755,0,1473,21,2015-01-01,2011-06-05
CS5756,0,2074,29,2015-03-11,2011-05-17
CS5757,0,1215,17,2014-11-20,2011-11-30
CS5758,0,1318,19,2014-06-22,2011-06-30
CS5759,0,1396,19,2015-01-07,2011-05-22
CS5760,0,1943,29,2015-03-10,2011-08-07
CS5761,0,2195,28,2015-03-11,2011-07-17
CS5762,0,1590,23,2014-10-28,2011-05-19
CS5763,0,1461,21,2014-09-25,2011-10-29
CS5764,0,947,14,2015-02-27,2011-12-01
CS5765,0,1228,18,2015-02-22,2011-06-26
CS5766,1,1411,21,2014-11-18,2011-09-26
CS5767,0,1185,17,2014-12-24,2011-06-02
CS5768,0,1252,17,2014-11-10,2011-11-16
CS5769,0,1270,18,2015-02-09,2011-08-25
CS5770,0,1349,18,2015-02-24,2012-04-01
CS5771,0,741,11,2014-04-19,2011-07-09
CS5772,0,1891,26,2014-11-07,2011-07-17
CS5773,0,1262,20,2014-11-11,2011-10-27
CS5774,0,1663,26,2015-02-28,2011-07-18
CS5775,0,1242,19,2015-03-14,2011-07-28
CS5776,0,1486,19,2015-03-12,2011-11-23
CS5777,0,1724,22,2015-02-27,2011-07-29
CS5778,0,1205,17,2015-02-24,2011-08-01
CS5779,0,1701,22,2015-02-02,2011-08-17
CS5780,1,1628,23,2014-11-01,2011-05-30
CS5781,0,1651,23,2015-02-07,2012-04-23
CS5782,1,1402,21,2015-01-26,2011-06-04
CS5783,0,1554,23,2015-03-15,2011-06-21
CS5784,0,1310,18,2014-12-26,2011-08-09
CS5785,0,1256,17,2014-12-24,2011-05-25
CS5786,0,1258,19,2015-02-18,2011-06-30
CS5787,0,1902,26,2014-12-01,2011-06-14
CS5788,0,1437,21,2014-08-18,2011-08-12
CS5789,0,1067,16,2015-03-05,2011-06-05
CS5790,0,1447,19,2014-10-04,2011-05-31
CS5791,0,1319,17,2015-03-15,2011-10-14
CS5792,0,1898,28,2015-02-13,2011-06-09
CS5793,0,1249,16,2015-03-06,2011-06-12
CS5794,0,1883,25,2015-02-10,2011-09-15
CS5795,0,1164,16,2014-09-29,2011-06-02
CS5796,0,1189,16,2014-12-14,2011-07-14
CS5797,1,1823,26,2015-01-06,2011-07-19
CS5798,0,1415,23,2015-03-09,2011-07-11
CS5799,0,1528,21,2015-02-01,2011-07-21
CS5800,0,1713,23,2015-03-10,2011-05-26
CS5801,0,1414,21,2014-09-18,2011-06-23
CS5802,0,1633,24,2015-03-12,2011-05-17
CS5803,0,1424,21,2015-02-26,2011-08-19
CS5804,0,1261,18,2014-07-01,2011-05-16
CS5805,0,1515,23,2014-09-12,2011-09-17
CS5806,0,1172,17,2015-01-29,2011-06-11
CS5807,1,1563,20,2015-01-17,2011-08-31
CS5808,1,1675,22,2015-03-04,2011-10-27
CS5809,0,1210,18,2014-10-01,2011-07-26
CS5810,0,2022,30,2015-03-04,2011-06-15
CS5811,1,1479,22,2014-10-18,2011-05-23
CS5812,0,1680,23,2015-03-07,2011-05-18
CS5813,0,1610,24,2015-01-03,2011-05-20
CS5814,1,881,14,2015-01-04,2011-12-12
CS5815,0,2145,28,2015-02-20,2011-05-16
CS5816,1,1736,22,2015-02-14,2011-05-24
CS5817,0,1764,23,2014-12-14,2011-07-26
CS5818,0,1438,21,2014-11-09,2011-10-17
CS5819,0,1322,17,2014-11-12,2011-06-11
CS5820,0,1196,16,2015-01-15,2011-06-19
CS5821,0,1640,23,2014-12-14,2011-05-18
CS5822,0,1422,18,2015-02-20,2011-09-21
CS5823,0,1295,18,2014-08-15,2011-09-08
CS5824,0,1356,19,2015-02-04,2011-09-19
CS5825,0,999,14,2015-02-10,2011-06-09
CS5826,0,1670,24,2014-11-25,2011-07-18
CS5827,0,1432,20,2015-03-15,2011-06-23
CS5828,0,733,10,2014-11-26,2011-07-31
CS5829,0,1323,20,2014-12-26,2011-09-03
CS5830,0,1604,23,2015-02-15,2011-08-11
CS5831,0,1075,16,2015-02-28,2011-09-06
CS5832,0,1328,20,2015-01-22,2011-09-03
CS5833,1,1404,19,2015-02-13,2011-10-04
CS5834,0,1309,20,2014-06-25,2011-11-21
CS5835,1,1592,25,2014-12-23,2011-08-17
CS5836,0,2069,30,2015-03-13,2012-03-06
CS5837,0,1281,18,2014-12-22,2011-10-24
CS5838,0,1384,17,2014-12-08,2011-07-20
CS5839,0,966,14,2015-01-28,2011-07-28
CS5840,0,1013,15,2014-10-15,2011-10-06
CS5841,0,1264,19,2014-06-27,2011-05-27
CS5842,0,971,13,2014-11-25,2011-07-09
CS5843,0,1406,20,2014-11-28,2011-05-30
CS5844,0,1220,17,2015-03-11,2011-05-25
CS5845,0,1582,22,2014-11-27,2011-06-22
CS5846,0,1683,23,2015-02-26,2011-05-21
CS5847,0,1563,24,2015-02-12,2011-08-19
CS5848,0,1408,20,2015-03-12,2011-08-08
CS5849,0,1005,16,2015-02-06,2011-07-13
CS5850,0,1410,19,2014-10-02,2011-07-11
CS5851,0,1816,24,2015-03-13,2011-07-04
CS5852,0,1034,15,2015-01-27,2011-06-24
CS5853,0,1488,22,2014-11-28,2011-05-18
CS5854,0,1320,18,2015-03-12,2011-05-25
CS5855,0,1506,21,2015-02-26,2011-07-13
CS5856,0,1518,23,2015-01-01,2011-07-13
CS5857,0,993,13,2015-03-05,2011-05-17
CS5858,1,1625,24,2015-02-12,2011-06-15
CS5859,0,1772,24,2015-03-16,2011-06-22
CS5860,0,1392,19,2015-01-20,2011-07-27
CS5861,0,1102,15,2014-08-21,2011-06-05
CS5862,0,1459,22,2015-03-07,2011-08-10
CS5863,0,804,11,2015-03-13,2012-01-30
CS5864,0,1432,17,2015-01-29,2011-08-26
CS5865,1,1962,29,2015-02-19,2011-09-07
CS5866,0,1396,20,2015-02-19,2011-06-05
CS5867,0,1983,27,2015-02-01,2011-05-25
CS5868,1,2260,31,2014-06-30,2011-05-30
CS5869,0,1019,15,2014-11-12,2011-05-23
CS5870,0,1544,22,2015-02-10,2011-05-25
CS5871,0,1279,19,2015-03-16,2011-08-20
CS5872,1,1344,21,2015-01-25,2011-08-04
CS5873,1,1461,21,2015-02-01,2011-08-23
CS5874,0,968,16,2015-03-14,2011-11-15
CS5875,0,1190,18,2015-03-02,2011-07-23
CS5876,0,1183,18,2014-12-21,2012-03-30
CS5877,0,1520,22,2015-01-20,2011-07-14
CS5878,0,822,12,2015-03-13,2011-07-02
CS5879,1,1772,25,2014-11-30,2011-07-21
CS5880,0,1350,22,2015-01-26,2011-06-03
CS5881,0,1214,16,2015-01-21,2011-12-06
CS5882,1,1554,24,2015-02-26,2011-05-17
CS5883,0,1322,19,2015-03-13,2011-10-14
CS5884,0,1320,18,2015-02-09,2011-07-27
CS5885,0,1983,29,2015-03-04,2011-07-06
CS5886,0,1396,21,2014-07-30,2011-06-25
CS5887,0,1267,17,2015-01-21,2011-11-30
CS5888,1,1248,18,2014-09-24,2011-08-11
CS5889,0,993,15,2015-03-11,2011-07-04
CS5890,0,1125,16,2015-01-14,2011-07-06
CS5891,0,1113,14,2014-10-18,2011-05-21
CS5892,0,1298,18,2015-02-16,2011-05-21
CS5893,0,1190,18,2014-07-11,2011-06-28
CS5894,0,1884,26,2015-03-09,2011-06-21
CS5895,0,1575,21,2015-01-09,2011-11-30
CS5896,0,895,15,2014-10-21,2011-09-03
CS5897,0,1674,25,2015-02-14,2011-06-27
CS5898,0,1541,23,2015-03-05,2011-07-24
CS5899,0,833,13,2015-02-20,2011-05-30
CS5900,0,1481,18,2015-03-15,2011-08-24
CS5901,0,1327,19,2014-12-26,2011-08-13
CS5902,0,922,13,2015-01-30,2011-05-19
CS5903,0,864,13,2014-10-20,2011-08-06
CS5904,0,939,14,2014-11-17,2011-07-13
CS5905,0,1525,22,2014-09-15,2011-06-10
CS5906,0,1434,20,2015-02-20,2011-08-08
CS5907,0,1733,27,2015-01-13,2011-05-20
CS5908,0,1571,23,2014-11-22,2011-07-28
CS5909,0,1218,17,2014-11-14,2011-11-17
CS5910,0,1712,20,2015-03-16,2011-05-30
CS5911,0,1610,22,2015-02-04,2011-09-20
CS5912,0,1380,20,2014-11-10,2011-05-26
CS5913,0,1464,20,2015-02-19,2011-07-19
CS5914,0,1151,15,2015-01-11,2011-08-04
CS5915,0,1409,20,2015-01-23,2011-12-07
CS5916,0,1027,14,2014-12-05,2011-08-06
CS5917,1,1200,18,2014-10-07,2011-06-02
CS5918,0,1421,21,2015-03-11,2011-07-24
CS5919,0,1178,17,2014-12-15,2011-06-18
CS5920,0,1400,20,2014-08-21,2011-05-18
CS5921,0,1356,19,2014-08-05,2011-05-22
CS5922,1,2008,27,2015-02-25,2011-07-29
CS5923,0,1085,15,2014-12-18,2011-06-02
CS5924,0,780,12,2014-10-10,2011-07-01
CS5925,0,1475,21,2015-03-10,2011-06-07
CS5926,0,1100,15,2015-02-16,2012-01-28
CS5927,0,918,13,2015-03-07,2011-06-15
CS5928,0,2087,32,2015-03-05,2011-06-19
CS5929,0,1315,18,2015-02-06,2011-05-25
CS5930,0,1201,17,2014-07-12,2011-06-28
CS5931,0,1345,19,2015-02-28,2011-06-16
CS5932,0,1361,20,2015-03-10,2011-12-25
CS5933,0,1734,23,2015-03-11,2011-05-26
CS5934,1,1387,20,2015-02-14,2012-01-13
CS5935,0,1278,18,2015-02-20,2011-12-18
CS5936,0,2199,30,2015-02-26,2011-07-11
CS5937,0,1800,27,2015-02-27,2011-05-27
CS5938,0,1027,16,2015-02-26,2011-09-27
CS5939,0,1241,17,2015-02-23,2011-06-28
CS5940,0,1103,16,2015-01-16,2011-08-22
CS5941,0,1177,17,2015-01-11,2011-11-24
CS5942,0,1824,25,2015-03-08,2011-09-14
CS5943,0,1565,24,2015-02-04,2011-09-30
CS5944,1,894,13,2014-08-30,2012-03-13
CS5945,0,1561,21,2015-03-05,2011-06-11
CS5946,0,1290,18,2015-01-03,2011-06-10
CS5947,0,1526,22,2015-02-14,2011-05-18
CS5948,0,1156,16,2015-01-24,2011-06-30
CS5949,0,1406,18,2014-10-02,2011-06-20
CS5950,0,1575,26,2015-02-11,2011-05-22
CS5951,1,1229,17,2014-11-03,2011-06-03
CS5952,0,1228,18,2014-11-29,2011-05-20
CS5953,0,1460,22,2015-02-06,2011-07-14
CS5954,0,943,12,2014-08-29,2011-09-26
CS5955,0,923,14,2015-03-14,2011-06-19
CS5956,1,1688,25,2015-01-31,2011-07-03
CS5957,0,1219,18,2014-10-05,2011-06-08
CS5958,0,1043,15,2015-02-01,2011-09-11
CS5959,0,1358,18,2014-12-23,2011-05-22
CS5960,0,598,9,2015-03-09,2013-03-04
CS5961,0,1503,20,2015-02-28,2011-05-21
CS5962,0,1067,17,2014-10-24,2011-07-17
CS5963,0,1234,17,2014-12-23,2011-06-28
CS5964,0,1539,23,2015-02-17,2012-02-24
CS5965,1,1980,29,2015-02-22,2011-07-17
CS5966,0,1416,21,2015-03-16,2011-08-06
CS5967,0,1553,20,2014-11-21,2011-06-22
CS5968,0,1837,24,2015-03-04,2012-03-06
CS5969,1,1825,24,2015-03-06,2011-12-04
CS5970,0,1664,24,2015-02-14,2011-07-28
CS5971,0,1635,24,2014-08-16,2011-06-02
CS5972,0,1207,17,2015-03-12,2011-10-17
CS5973,0,1435,21,2014-12-09,2011-07-02
CS5974,0,1002,13,2014-12-02,2011-05-17
CS5975,0,1331,17,2015-03-04,2011-06-08
CS5976,0,1623,24,2015-02-26,2011-05-23
CS5977,0,1031,16,2015-02-13,2011-06-10
CS5978,0,1477,23,2015-03-08,2011-07-14
CS5979,0,1623,23,2015-03-09,2011-08-11
CS5980,0,1082,17,2014-12-21,2011-05-24
CS5981,0,1175,16,2015-01-23,2011-09-25
CS5982,0,1136,17,2015-01-01,2011-07-14
CS5983,0,1171,17,2015-01-05,2011-05-20
CS5984,0,1523,20,2015-03-15,2011-05-31
CS5985,0,1628,23,2015-02-02,2011-08-23
CS5986,0,1503,22,2015-02-03,2011-07-12
CS5987,0,692,10,2015-02-23,2013-01-11
CS5988,0,1584,22,2014-10-15,2011-06-28
CS5989,0,1464,20,2015-02-18,2011-05-23
CS5990,0,2326,32,2015-02-06,2011-05-18
CS5991,0,1970,29,2015-03-16,2011-08-31
CS5992,0,1152,17,2014-10-20,2011-06-06
CS5993,0,1164,16,2015-01-12,2011-05-25
CS5994,0,1523,20,2014-12-22,2011-06-12
CS5995,0,1317,19,2015-03-06,2011-11-17
CS5996,0,1557,21,2015-03-11,2011-05-22
CS5997,0,1033,14,2015-02-13,2011-08-28
CS5998,1,1648,22,2014-11-02,2011-09-13
CS5999,0,903,13,2014-09-24,2011-07-25
CS6000,0,921,13,2014-09-15,2011-10-07
CS6001,0,1322,19,2014-08-16,2011-06-10
CS6002,0,1500,19,2015-02-14,2011-07-25
CS6003,0,1457,22,2015-01-08,2011-06-09
CS6004,0,1326,18,2014-12-20,2011-05-18
CS6005,0,971,14,2015-02-06,2011-06-29
CS6006,1,1337,20,2014-11-17,2011-05-20
CS6007,0,1247,16,2015-01-23,2011-06-09
CS6008,1,931,14,2014-10-27,2011-07-15
CS6009,1,1945,29,2015-02-10,2011-06-05
CS6010,0,1168,16,2014-10-27,2011-05-23
CS6011,0,1029,16,2015-01-23,2011-07-09
CS6012,0,1311,20,2015-03-06,2011-07-05
CS6013,0,1326,17,2015-02-25,2011-12-07
CS6014,0,1582,22,2015-02-20,2011-05-18
CS6015,0,1551,21,2015-02-16,2011-05-17
CS6016,0,1332,19,2014-12-07,2011-07-27
CS6017,0,2109,28,2015-03-14,2011-06-25
CS6018,0,1169,17,2015-03-12,2011-06-29
CS6019,1,1556,21,2015-01-22,2011-08-30
CS6020,0,1784,23,2015-02-09,2011-05-27
CS6021,0,1350,19,2015-02-08,2011-07-15
CS6022,0,1234,17,2015-02-22,2011-05-31
CS6023,0,1687,24,2015-03-07,2011-08-19
CS6024,0,1745,25,2015-03-16,2011-06-11
CS6025,0,1815,28,2015-01-24,2011-07-29
CS6026,0,1060,15,2014-06-18,2011-09-05
CS6027,0,1723,23,2015-03-13,2011-05-27
CS6028,0,1265,19,2014-07-16,2011-07-21
CS6029,1,1204,19,2015-01-01,2011-05-22
CS6030,0,1723,25,2015-01-09,2011-07-07
CS6031,0,1912,26,2015-01-02,2011-06-13
CS6032,0,774,11,2014-08-27,2011-10-13
CS6033,0,1301,21,2015-01-30,2011-08-23
CS6034,0,1660,25,2015-03-16,2011-05-16
CS6035,0,1574,21,2015-03-01,2011-09-06
CS6036,0,1102,18,2015-02-21,2011-07-11
CS6037,0,1994,29,2015-03-09,2011-05-28
CS6038,0,1662,22,2015-01-30,2011-07-05
CS6039,0,1676,24,2015-01-30,2011-06-20
CS6040,0,1001,15,2015-01-26,2012-01-21
CS6041,0,1504,22,2015-02-19,2011-09-29
CS6042,0,1158,17,2014-09-17,2011-06-17
CS6043,0,1702,25,2015-02-14,2011-06-24
CS6044,0,1849,26,2015-03-16,2011-06-01
CS6045,0,1262,17,2015-03-05,2011-06-15
CS6046,0,1476,21,2015-02-27,2011-06-18
CS6047,0,1251,20,2015-03-11,2011-06-01
CS6048,0,824,13,2014-03-19,2011-06-03
CS6049,0,1213,18,2015-03-11,2011-08-01
CS6050,0,874,11,2015-03-07,2011-06-13
CS6051,0,982,13,2015-02-11,2011-08-08
CS6052,0,1293,18,2015-03-07,2011-10-31
CS6053,0,1651,23,2015-01-30,2011-05-22
CS6054,0,1540,21,2015-02-07,2011-08-29
CS6055,1,1533,22,2014-10-02,2011-06-25
CS6056,0,1683,22,2015-03-02,2011-05-20
CS6057,0,1161,17,2015-01-11,2011-09-08
CS6058,0,1745,22,2015-02-01,2011-06-23
CS6059,1,1657,22,2014-11-01,2011-05-19
CS6060,1,1387,19,2014-10-03,2011-05-19
CS6061,0,915,11,2014-10-02,2011-06-17
CS6062,0,772,12,2014-12-23,2011-06-01
CS6063,0,1169,16,2015-03-06,2011-06-26
CS6064,0,1721,22,2014-11-23,2011-06-18
CS6065,0,1221,17,2014-12-15,2011-06-04
CS6066,0,1841,26,2015-01-04,2011-08-03
CS6067,0,1151,16,2015-01-12,2011-10-07
CS6068,0,1658,23,2014-10-18,2011-07-04
CS6069,0,1559,25,2015-02-10,2011-09-12
CS6070,0,1294,19,2015-02-04,2011-08-29
CS6071,0,1679,25,2015-03-14,2011-07-03
CS6072,0,1076,15,2015-01-04,2011-06-11
CS6073,0,1627,23,2015-02-07,2011-09-28
CS6074,0,1311,18,2014-11-26,2011-07-28
CS6075,0,1168,18,2015-01-10,2011-05-28
CS6076,0,1642,22,2015-02-17,2011-08-16
CS6077,0,1316,19,2015-01-30,2011-07-14
CS6078,0,1170,19,2015-02-23,2011-05-24
CS6079,1,1526,22,2014-11-10,2011-06-15
CS6080,0,1078,16,2015-01-25,2011-06-09
CS6081,1,1168,16,2015-02-25,2011-08-19
CS6082,0,1344,21,2015-03-16,2011-05-24
CS6083,0,1359,22,2015-02-23,2011-07-27
CS6084,0,997,14,2015-03-01,2011-10-18
CS6085,0,1208,18,2015-03-07,2011-07-21
CS6086,1,1274,18,2014-12-15,2011-07-16
CS6087,0,1528,23,2015-01-30,2011-06-08
CS6088,0,1039,15,2015-02-11,2011-08-08
CS6089,0,1361,20,2015-03-15,2011-08-28
CS6090,0,1579,21,2015-03-16,2011-07-09
CS6091,0,1118,16,2014-12-24,2011-09-22
CS6092,0,1393,19,2014-12-10,2011-08-17
CS6093,1,1926,26,2014-12-20,2011-07-22
CS6094,0,1343,21,2015-03-01,2011-09-21
CS6095,0,1216,19,2015-02-21,2011-05-26
CS6096,0,1386,19,2014-12-21,2011-05-24
CS6097,0,1503,19,2014-11-07,2011-05-27
CS6098,1,1957,25,2015-03-12,2011-10-19
CS6099,0,1784,24,2015-03-14,2011-05-21
CS6100,0,1264,18,2015-02-05,2011-05-29
CS6101,0,1453,21,2015-02-02,2011-06-25
CS6102,0,1685,26,2015-03-12,2011-07-01
CS6103,0,1730,25,2014-12-20,2011-05-19
CS6104,0,1383,21,2015-02-23,2011-08-05
CS6105,0,1659,25,2015-01-19,2011-06-27
CS6106,0,1400,19,2014-12-24,2011-06-25
CS6107,0,1327,17,2015-01-03,2011-07-23
CS6108,0,1348,21,2014-11-07,2011-07-21
CS6109,0,1071,17,2014-01-30,2011-06-09
CS6110,0,1046,16,2015-03-03,2011-07-13
CS6111,0,1558,21,2014-05-26,2011-07-09
CS7112,0,512,12,2015-01-14,2011-06-15
CS7113,0,564,12,2015-02-09,2011-05-27
CS7114,0,691,15,2015-02-12,2011-07-14
CS7115,0,568,16,2015-03-05,2011-08-10
CS7116,0,563,11,2014-06-08,2011-06-27
CS7117,0,484,12,2014-07-02,2011-05-20
CS7118,0,666,13,2015-03-14,2011-05-18
CS7119,0,464,11,2014-11-12,2012-05-03
CS7120,0,830,18,2015-02-20,2011-06-23
CS7121,0,834,17,2015-02-03,2011-05-30
CS7122,0,669,12,2015-02-02,2011-07-19
CS7123,0,463,11,2014-06-16,2011-05-26
CS7124,0,520,11,2015-01-02,2011-08-10
CS7125,0,447,8,2013-12-12,2012-01-29
CS7126,0,454,9,2014-09-18,2012-03-31
CS7127,0,747,16,2015-02-05,2011-07-11
CS7128,0,677,17,2014-08-18,2011-05-24
CS7129,0,535,11,2014-02-27,2011-05-30
CS7130,0,691,15,2015-03-13,2011-08-18
CS7131,0,463,11,2015-02-24,2011-08-24
CS7132,0,542,12,2015-02-17,2011-07-13
CS7133,0,609,14,2015-02-21,2011-06-01
CS7134,0,441,10,2014-11-27,2011-11-29
CS7135,0,565,12,2014-04-15,2011-10-12
CS7136,0,663,15,2014-09-28,2011-08-12
CS7137,0,509,9,2015-01-20,2011-12-15
CS7138,0,706,15,2015-03-03,2011-06-06
CS7139,0,585,11,2014-10-10,2011-06-16
CS7140,0,715,16,2015-02-16,2011-06-06
CS7141,0,808,19,2015-01-22,2011-08-12
CS7142,1,619,13,2014-10-06,2011-06-04
CS7143,0,365,11,2014-08-16,2011-07-05
CS7144,0,677,13,2014-08-09,2011-06-05
CS7145,0,629,15,2014-10-25,2011-06-03
CS7146,0,567,11,2015-03-09,2012-01-23
CS7147,0,353,8,2015-01-20,2011-06-14
CS7148,0,942,18,2014-12-23,2011-07-06
CS7149,0,857,19,2014-12-11,2011-06-17
CS7150,0,350,8,2014-12-17,2011-08-23
CS7151,0,405,9,2015-01-27,2011-08-10
CS7152,0,613,16,2015-03-10,2011-09-23
CS7153,0,558,12,2015-02-10,2011-06-13
CS7154,0,529,16,2015-03-16,2011-08-30
CS7155,0,424,14,2014-11-10,2011-06-22
CS7156,0,508,13,2014-12-30,2011-09-17
CS7157,0,511,12,2015-02-25,2012-01-03
CS7158,0,319,8,2014-12-04,2011-09-13
CS7159,0,693,16,2015-02-08,2011-06-20
CS7160,0,542,12,2015-01-24,2012-01-20
CS7161,0,687,16,2015-03-12,2011-06-30
CS7162,0,616,17,2015-02-25,2011-05-23
CS7163,0,529,11,2015-02-06,2011-09-06
CS7164,0,860,19,2015-02-27,2011-09-22
CS7165,0,341,7,2013-12-01,2011-12-08
CS7166,0,594,16,2014-12-08,2011-05-31
CS7167,0,450,10,2014-11-17,2011-05-24
CS7168,0,297,7,2014-09-04,2012-07-03
CS7169,0,471,10,2014-11-09,2011-10-04
CS7170,0,457,11,2015-03-13,2011-06-20
CS7171,0,415,13,2015-03-15,2011-07-13
CS7172,0,594,14,2014-07-01,2011-05-18
CS7173,0,596,13,2015-01-26,2012-08-15
CS7174,0,820,16,2015-02-21,2011-11-26
CS7175,0,496,11,2015-01-23,2011-05-17
CS7176,0,342,12,2015-01-11,2011-11-06
CS7177,0,481,11,2014-12-06,2011-05-16
CS7178,1,684,21,2015-02-13,2011-08-08
CS7179,1,913,16,2014-09-07,2012-04-09
CS7180,0,520,15,2014-12-15,2012-05-05
CS7181,0,759,16,2014-09-10,2011-08-05
CS7182,1,752,18,2014-12-04,2011-07-04
CS7183,0,846,18,2015-03-04,2011-07-03
CS7184,0,994,21,2015-03-16,2011-06-21
CS7185,0,707,18,2015-03-05,2011-07-14
CS7186,0,596,12,2015-01-23,2011-08-07
CS7187,0,916,17,2015-02-22,2011-05-18
CS7188,0,468,11,2015-03-12,2012-02-17
CS7189,0,841,19,2015-01-12,2011-08-09
CS7190,0,475,13,2014-09-07,2011-06-12
CS7191,0,626,17,2015-01-09,2011-06-04
CS7192,0,515,12,2014-11-11,2011-06-19
CS7193,0,565,10,2014-06-06,2011-07-04
CS7194,0,606,14,2014-03-24,2011-10-14
CS7195,0,445,9,2015-02-24,2011-09-30
CS7196,0,657,15,2015-03-15,2011-08-02
CS7197,0,610,12,2014-10-06,2011-05-29
CS7198,0,665,13,2015-01-21,2011-10-30
CS7199,0,663,13,2014-11-12,2011-06-28
CS7200,0,651,14,2014-09-27,2011-06-03
CS7201,0,702,12,2015-01-23,2011-11-09
CS7202,0,449,11,2015-01-21,2011-11-25
CS7203,0,557,12,2014-08-20,2011-06-15
CS7204,0,622,14,2015-01-28,2011-07-28
CS7205,0,665,14,2015-03-13,2011-05-19
CS7206,0,685,15,2014-09-08,2011-11-16
CS7207,0,604,12,2015-02-05,2011-11-28
CS7208,0,409,8,2015-02-09,2011-06-23
CS7209,0,855,16,2015-03-14,2011-06-19
CS7210,0,490,15,2014-12-08,2011-05-20
CS7211,0,512,13,2014-12-01,2012-03-21
CS7212,0,542,12,2014-10-09,2011-06-05
CS7213,0,506,11,2014-11-09,2011-10-02
CS7214,0,533,12,2015-03-09,2011-08-23
CS7215,0,827,20,2014-11-03,2011-09-27
CS7216,0,901,21,2014-10-28,2011-05-28
CS7217,0,547,13,2014-12-29,2011-05-22
CS7218,0,825,18,2015-02-07,2011-06-17
CS7219,0,555,13,2015-03-12,2011-11-24
CS7220,0,331,7,2015-02-24,2011-11-10
CS7221,0,488,12,2014-09-26,2011-06-07
CS7222,0,559,13,2015-01-30,2011-05-16
CS7223,0,667,13,2015-01-08,2011-06-29
CS7224,0,191,4,2014-11-21,2011-12-21
CS7225,0,465,10,2015-01-28,2011-10-04
CS7226,0,435,12,2014-09-06,2011-06-12
CS7227,1,1001,19,2015-02-19,2011-10-21
CS7228,0,505,10,2013-10-29,2011-06-27
CS7229,0,638,12,2014-12-31,2011-06-29
CS7230,0,753,15,2015-03-11,2011-05-23
CS7231,0,796,16,2014-10-13,2011-06-26
CS7232,0,498,12,2014-09-01,2011-06-18
CS7233,0,656,13,2014-11-06,2012-03-13
CS7234,0,566,17,2015-03-12,2011-06-09
CS7235,0,663,13,2014-10-24,2011-11-12
CS7236,0,538,16,2015-02-02,2011-05-20
CS7237,0,840,18,2014-08-08,2011-06-08
CS7238,0,653,16,2015-02-07,2011-07-22
CS7239,0,438,7,2014-07-07,2011-11-23
CS7240,0,787,21,2014-12-28,2011-08-27
CS7241,1,785,18,2015-02-16,2011-05-30
CS7242,0,353,7,2014-06-15,2012-07-31
CS7243,0,493,11,2015-02-06,2011-10-11
CS7244,0,767,17,2014-10-26,2011-06-26
CS7245,0,512,12,2014-12-06,2011-05-28
CS7246,0,389,8,2014-03-24,2011-06-23
CS7247,0,894,19,2015-02-03,2011-06-25
CS7248,0,394,11,2015-03-07,2012-03-07
CS7249,0,626,14,2014-08-19,2011-06-07
CS7250,0,721,18,2014-12-25,2011-05-17
CS7251,0,617,12,2015-03-14,2012-06-13
CS7252,0,413,9,2014-09-16,2011-08-22
CS7253,0,503,10,2014-02-11,2011-10-29
CS7254,0,636,13,2014-11-14,2011-07-13
CS7255,0,821,21,2015-01-08,2011-10-05
CS7256,0,362,11,2014-08-15,2011-08-26
CS7257,0,427,8,2015-02-19,2012-03-11
CS7258,0,519,12,2014-04-15,2012-01-11
CS7259,0,692,13,2014-09-25,2011-09-20
CS7260,0,822,19,2014-07-29,2011-06-29
CS7261,0,700,16,2014-12-19,2011-06-14
CS7262,0,572,13,2014-09-20,2011-09-11
CS7263,0,501,11,2015-03-13,2011-10-22
CS7264,0,400,8,2015-02-06,2011-07-26
CS7265,0,372,11,2015-01-24,2011-10-24
CS7266,0,296,9,2014-09-11,2011-12-25
CS7267,0,823,16,2014-08-06,2011-06-09
CS7268,0,899,17,2014-11-13,2011-07-16
CS7269,0,562,13,2015-01-07,2011-07-20
CS7270,0,894,19,2015-01-24,2011-05-17
CS7271,0,632,16,2015-02-09,2011-07-27
CS7272,0,640,14,2014-07-22,2011-06-06
CS7273,0,760,13,2015-02-17,2011-11-16
CS7274,0,690,13,2015-03-11,2011-06-10
CS7275,0,480,10,2014-12-06,2011-12-28
CS7276,0,760,16,2015-02-17,2011-07-21
CS7277,0,544,13,2014-12-18,2011-06-10
CS7278,0,706,14,2014-06-06,2011-06-27
CS7279,0,669,15,2015-01-11,2011-06-09
CS7280,0,628,14,2014-10-23,2011-05-18
CS7281,0,550,13,2015-03-04,2011-09-25
CS7282,0,357,8,2014-09-14,2012-02-18
CS7283,0,591,12,2015-01-08,2011-07-16
CS7284,0,900,19,2014-12-09,2011-08-21
CS7285,0,551,14,2015-01-06,2011-05-24
CS7286,0,449,12,2015-01-07,2011-07-29
CS7287,0,704,15,2014-03-27,2011-06-27
CS7288,0,404,10,2014-07-08,2011-06-13
CS7289,0,376,10,2015-02-11,2011-12-20
CS7290,0,704,14,2014-12-10,2012-04-16
CS7291,0,543,12,2015-03-16,2011-11-20
CS7292,0,382,11,2015-02-23,2011-10-21
CS7293,0,670,17,2015-01-01,2011-05-27
CS7294,0,1078,23,2015-02-10,2011-06-04
CS7295,0,788,15,2015-03-13,2011-06-29
CS7296,0,698,14,2015-03-04,2011-05-25
CS7298,0,685,14,2015-01-31,2011-11-25
CS7299,0,735,15,2014-12-06,2012-03-19
CS7300,0,633,13,2014-12-08,2011-08-31
CS7301,0,722,14,2015-02-19,2011-06-01
CS7302,0,649,15,2015-02-14,2011-05-20
CS7303,0,971,18,2015-02-02,2011-11-06
CS7304,0,473,11,2014-12-27,2011-08-02
CS7305,0,585,13,2014-12-01,2011-09-23
CS7306,0,370,9,2015-03-12,2012-07-19
CS7307,0,516,11,2013-06-09,2012-01-23
CS7308,0,760,17,2015-02-26,2011-08-21
CS7309,0,452,8,2015-01-11,2011-06-24
CS7310,0,300,8,2014-11-16,2012-04-08
CS7311,0,421,9,2015-02-10,2011-06-09
CS7312,0,374,7,2015-02-26,2011-08-13
CS7313,0,704,15,2015-03-05,2011-06-20
CS7314,0,354,8,2013-10-13,2011-11-27
CS7315,0,516,12,2014-11-03,2012-05-10
CS7316,0,1165,21,2015-02-15,2011-05-17
CS7317,0,488,9,2014-08-20,2012-05-25
CS7318,0,680,16,2015-02-28,2011-07-09
CS7319,0,614,14,2014-12-18,2011-09-26
CS7320,1,441,10,2014-09-11,2011-07-24
CS7321,0,411,12,2015-02-22,2011-09-15
CS7322,0,714,16,2014-08-26,2011-08-29
CS7323,0,673,17,2014-11-11,2011-05-27
CS7324,0,782,19,2014-08-20,2012-05-05
CS7325,0,840,15,2014-08-25,2011-06-09
CS7326,0,609,14,2015-02-20,2011-12-23
CS7327,0,782,16,2015-01-23,2011-12-23
CS7328,0,447,11,2014-08-10,2011-08-08
CS7329,0,539,11,2014-11-14,2011-08-21
CS7330,0,665,18,2015-02-17,2011-08-30
CS7331,0,660,13,2015-03-06,2011-06-07
CS7332,0,1108,23,2014-11-06,2011-06-16
CS7333,0,149,4,2014-09-16,2012-01-11
CS7334,0,780,17,2014-08-02,2012-02-06
CS7335,0,432,9,2014-11-15,2011-11-29
CS7336,0,743,18,2014-07-14,2011-09-07
CS7337,0,753,20,2015-02-08,2011-07-25
CS7338,0,494,11,2015-02-25,2011-05-26
CS7339,0,720,18,2015-01-16,2011-05-19
CS7340,0,566,14,2014-06-20,2011-07-28
CS7341,0,315,9,2015-01-07,2011-06-30
CS7342,0,536,13,2015-02-15,2011-06-20
CS7343,0,713,14,2015-01-08,2011-11-01
CS7344,0,819,17,2015-02-20,2012-03-04
CS7345,0,343,10,2014-12-06,2011-07-31
CS7346,0,527,10,2014-09-30,2011-08-03
CS7347,0,982,21,2015-03-12,2011-05-18
CS7348,0,676,13,2015-01-03,2011-09-26
CS7349,0,497,8,2015-02-28,2011-09-27
CS7350,0,841,17,2014-03-24,2011-07-10
CS7351,0,648,13,2014-09-17,2011-09-10
CS7352,0,663,16,2015-02-04,2011-07-20
CS7353,0,535,14,2014-08-01,2012-03-11
CS7354,0,718,13,2013-12-12,2011-08-12
CS7355,1,695,14,2014-12-31,2011-07-05
CS7356,0,539,14,2014-12-26,2011-08-20
CS7357,0,568,15,2014-10-14,2011-06-08
CS7358,0,279,6,2015-03-05,2011-07-21
CS7359,0,479,11,2015-01-19,2011-07-09
CS7360,0,545,13,2015-02-02,2011-09-08
CS7361,0,460,13,2015-02-27,2011-12-18
CS7362,0,680,16,2015-03-10,2011-09-21
CS7363,0,846,20,2014-08-27,2011-06-05
CS7364,0,912,21,2015-01-09,2011-06-14
CS7365,0,708,15,2015-02-27,2011-05-18
CS7366,0,783,17,2015-02-09,2011-06-01
CS7367,0,762,16,2014-12-24,2011-07-09
CS7368,0,430,11,2015-03-12,2011-07-05
CS7369,0,909,19,2015-01-29,2011-07-07
CS7370,1,775,17,2014-08-09,2011-10-12
CS7371,0,518,12,2014-06-27,2011-05-17
CS7372,0,670,14,2014-06-11,2011-06-24
CS7373,0,778,16,2014-11-25,2011-07-02
CS7374,0,507,13,2014-10-03,2011-08-07
CS7375,0,617,13,2014-11-09,2011-09-27
CS7376,0,836,19,2014-12-26,2011-10-01
CS7377,0,409,11,2014-02-17,2011-10-09
CS7378,0,750,18,2015-02-19,2011-09-25
CS7379,0,628,13,2014-10-31,2011-05-29
CS7380,0,840,16,2015-02-28,2011-11-05
CS7381,0,833,16,2014-02-13,2011-06-02
CS7382,0,974,20,2015-01-28,2011-08-30
CS7383,0,534,17,2014-11-21,2011-05-29
CS7384,0,566,12,2015-03-04,2012-03-05
CS7385,0,625,13,2015-03-11,2011-09-04
CS7386,0,491,9,2015-01-04,2011-09-30
CS7387,0,467,13,2014-11-09,2011-05-17
CS7388,0,451,13,2015-01-30,2011-08-29
CS7389,0,459,14,2015-02-25,2011-05-20
CS7390,0,599,13,2015-01-31,2011-09-22
CS7391,0,660,15,2015-03-12,2012-06-24
CS7392,0,517,13,2015-01-01,2011-08-10
CS7393,0,441,13,2014-12-07,2011-06-14
CS7394,0,1198,25,2015-03-11,2011-06-11
CS7395,0,485,14,2015-01-09,2011-05-19
CS7396,0,669,16,2015-02-04,2011-07-15
CS7397,0,880,19,2014-10-01,2011-06-30
CS7398,0,766,15,2015-02-15,2011-08-23
CS7399,0,576,17,2015-02-21,2011-11-03
CS7400,0,572,14,2014-12-30,2011-06-24
CS7401,0,647,17,2015-03-02,2012-01-23
CS7402,0,691,15,2015-02-14,2011-06-04
CS7403,0,729,14,2015-02-01,2011-11-09
CS7404,0,1021,22,2015-01-25,2011-05-20
CS7405,0,804,19,2015-02-25,2011-08-03
CS7406,0,854,19,2014-09-23,2011-05-20
CS7407,0,736,21,2015-03-03,2011-09-26
CS7408,0,549,11,2014-07-18,2011-09-17
CS7409,0,757,16,2014-12-20,2011-08-21
CS7410,0,585,12,2015-01-16,2012-06-22
CS7411,0,428,10,2014-05-02,2011-06-05
CS7412,0,413,10,2015-03-01,2012-08-11
CS7414,0,629,14,2014-10-14,2011-05-31
CS7415,0,633,16,2015-01-01,2011-07-02
CS7416,0,784,15,2014-10-14,2011-07-07
CS7417,0,513,11,2015-01-25,2011-07-12
CS7418,1,432,8,2014-07-06,2012-01-16
CS7419,0,836,18,2015-03-16,2011-11-22
CS7420,0,825,18,2014-12-25,2011-06-15
CS7421,0,736,17,2015-01-16,2011-05-25
CS7422,0,518,10,2015-03-11,2012-07-12
CS7423,0,609,15,2015-01-20,2011-08-20
CS7424,0,465,15,2015-03-06,2011-10-27
CS7425,0,463,12,2015-01-04,2011-07-31
CS7426,0,769,15,2015-02-23,2011-08-11
CS7427,0,470,10,2015-03-09,2011-06-16
CS7428,0,878,18,2014-12-21,2011-06-10
CS7429,0,223,6,2014-11-04,2011-06-27
CS7430,0,556,13,2014-10-22,2011-08-21
CS7431,0,563,12,2015-03-04,2011-07-14
CS7432,0,469,12,2015-03-13,2011-07-16
CS7433,0,358,9,2014-12-22,2011-10-18
CS7434,0,619,15,2015-02-27,2011-05-23
CS7435,0,724,16,2015-01-29,2011-05-26
CS7436,0,448,9,2015-01-16,2012-04-22
CS7437,0,541,10,2015-02-16,2011-10-28
CS7438,0,628,12,2015-02-08,2011-12-21
CS7439,0,537,11,2014-07-19,2011-07-27
CS7440,0,597,13,2014-12-05,2011-09-20
CS7441,0,419,12,2014-11-26,2011-09-30
CS7442,0,659,13,2015-03-08,2011-05-31
CS7443,0,516,16,2015-01-22,2011-06-18
CS7444,0,409,11,2015-02-09,2011-07-01
CS7445,0,805,19,2014-12-13,2011-05-16
CS7446,0,502,11,2015-03-03,2011-06-19
CS7447,0,365,10,2015-03-11,2011-11-04
CS7448,0,381,7,2014-09-23,2011-08-03
CS7449,0,561,14,2015-03-14,2011-07-15
CS7450,0,451,11,2014-11-30,2011-05-22
CS7451,0,470,12,2015-02-24,2011-06-09
CS7452,0,535,12,2014-08-30,2011-06-01
CS7453,0,532,11,2014-11-04,2012-01-17
CS7454,0,571,12,2015-02-24,2011-05-26
CS7455,0,530,12,2014-04-09,2011-08-02
CS7456,0,477,11,2014-02-21,2012-02-10
CS7457,0,403,11,2014-12-15,2011-06-24
CS7458,0,553,14,2015-03-11,2011-08-14
CS7459,0,608,15,2014-11-12,2011-07-16
CS7460,0,587,12,2015-02-03,2011-11-19
CS7461,0,619,15,2015-02-17,2011-05-19
CS7462,1,505,13,2014-10-21,2011-09-05
CS7463,0,744,19,2014-11-08,2011-06-01
CS7464,0,688,15,2014-07-23,2011-12-12
CS7465,0,663,16,2015-03-14,2011-12-25
CS7466,0,520,12,2015-02-22,2011-07-23
CS7467,0,613,14,2014-08-10,2011-06-27
CS7468,0,729,19,2015-03-07,2011-08-11
CS7469,0,533,13,2015-03-07,2011-08-06
CS7470,0,731,14,2015-01-23,2012-02-03
CS7471,0,752,14,2014-03-03,2011-07-23
CS7472,0,866,16,2015-03-08,2011-06-03
CS7473,0,611,14,2014-08-03,2011-08-23
CS7474,0,680,17,2014-10-30,2011-06-15
CS7475,0,474,11,2015-01-20,2011-05-24
CS7476,0,516,12,2014-12-29,2011-08-01
CS7477,0,517,13,2014-08-10,2011-05-25
CS7478,0,456,12,2014-12-16,2011-05-25
CS7479,0,304,6,2014-02-22,2012-02-13
CS7480,0,541,12,2014-12-24,2011-05-19
CS7481,0,417,10,2013-12-23,2011-06-10
CS7482,0,280,7,2015-02-08,2011-10-22
CS7483,0,606,15,2014-11-26,2011-11-26
CS7484,0,432,10,2014-11-14,2011-09-14
CS7485,0,705,13,2015-02-22,2011-06-23
CS7486,0,318,8,2014-07-27,2011-05-19
CS7487,0,298,5,2015-02-16,2012-03-12
CS7488,0,764,16,2015-03-03,2011-07-19
CS7489,0,372,9,2015-02-11,2012-01-28
CS7490,0,701,16,2015-02-21,2011-06-06
CS7491,0,545,10,2014-12-19,2011-05-31
CS7492,0,821,18,2015-02-07,2011-08-10
CS7493,0,630,13,2015-01-01,2011-11-21
CS7494,0,584,16,2014-10-28,2011-09-30
CS7495,0,513,10,2015-02-26,2011-06-01
CS7496,0,518,12,2015-02-21,2011-07-07
CS7497,0,710,14,2015-03-09,2011-09-19
CS7498,0,632,15,2015-01-19,2011-09-02
CS7499,0,791,18,2015-01-30,2011-08-09
CS7500,0,543,13,2014-10-03,2012-04-24
CS7501,0,665,17,2015-02-09,2011-12-18
CS7502,0,813,18,2015-03-11,2011-09-13
CS7503,0,677,15,2015-03-15,2011-10-07
CS7504,0,417,8,2014-09-18,2011-05-24
CS7505,0,699,15,2015-01-23,2011-06-01
CS7506,0,415,10,2014-12-30,2011-07-10
CS7507,0,557,13,2015-02-25,2011-05-18
CS7508,0,809,18,2014-08-20,2011-10-15
CS7509,1,456,10,2014-10-21,2011-06-15
CS7510,0,623,16,2014-11-22,2011-06-10
CS7511,0,540,10,2015-01-25,2011-05-26
CS7512,0,615,14,2014-05-22,2012-01-14
CS7513,0,622,15,2014-11-30,2011-08-27
CS7514,0,484,10,2014-09-12,2011-08-27
CS7515,0,760,15,2015-03-02,2011-05-18
CS7516,0,594,13,2014-09-24,2012-06-01
CS7517,0,374,11,2014-12-21,2011-06-29
CS7518,0,747,16,2014-11-12,2011-06-13
CS7519,0,558,10,2015-03-05,2011-11-18
CS7520,0,661,13,2015-03-13,2011-06-29
CS7521,0,197,6,2014-09-03,2011-08-22
CS7522,0,434,10,2014-12-10,2011-05-24
CS7523,0,500,10,2014-03-03,2011-06-21
CS7524,0,311,8,2014-07-19,2013-01-08
CS7525,0,566,14,2015-02-17,2012-06-06
CS7526,0,594,14,2015-01-15,2011-06-24
CS7527,0,581,13,2015-03-03,2011-06-29
CS7528,0,586,14,2015-03-02,2011-08-12
CS7529,0,492,10,2015-01-05,2011-06-25
CS7530,0,358,8,2014-07-08,2011-06-15
CS7531,0,482,11,2014-09-19,2011-09-09
CS7532,0,544,12,2014-06-06,2011-08-03
CS7533,0,813,19,2015-02-01,2011-09-12
CS7534,0,454,11,2014-11-23,2011-06-05
CS7535,0,825,15,2014-12-23,2011-07-14
CS7536,0,350,8,2014-09-28,2011-07-04
CS7537,0,688,15,2015-03-11,2011-09-09
CS7538,1,735,16,2014-10-08,2011-08-27
CS7539,0,528,12,2015-02-19,2011-07-13
CS7540,0,617,12,2014-12-09,2011-06-19
CS7541,1,900,20,2014-10-26,2011-11-28
CS7542,0,828,20,2014-02-22,2011-06-24
CS7543,0,251,6,2015-03-15,2011-08-31
CS7544,0,734,18,2015-01-22,2012-01-07
CS7545,0,876,19,2015-02-22,2011-07-01
CS7546,0,818,17,2014-08-29,2011-06-11
CS7547,0,662,13,2015-02-19,2011-11-16
CS7548,0,784,17,2015-02-27,2011-06-12
CS7549,0,416,10,2015-02-19,2012-01-24
CS7550,0,530,12,2014-12-15,2011-07-25
CS7551,0,433,10,2014-06-29,2011-06-27
CS7552,0,810,15,2015-02-14,2011-12-11
CS7553,0,409,12,2014-09-10,2011-05-20
CS7554,0,688,16,2014-01-22,2011-06-21
CS7555,0,736,18,2015-01-13,2011-06-19
CS7556,0,202,6,2015-02-22,2013-09-04
CS7557,0,573,15,2015-01-14,2011-09-20
CS7558,0,701,18,2014-12-14,2011-08-19
CS7559,0,565,14,2015-03-10,2011-12-30
CS7560,0,459,11,2014-10-05,2011-08-11
CS7561,0,500,10,2014-10-20,2011-09-29
CS7562,0,401,8,2013-09-16,2011-08-06
CS7563,0,580,13,2014-02-05,2011-07-19
CS7564,0,444,9,2015-02-26,2011-08-22
CS7565,0,544,9,2014-11-16,2011-05-27
CS7566,0,758,17,2014-09-07,2011-05-21
CS7567,0,492,12,2015-02-23,2011-05-22
CS7568,0,684,16,2015-02-11,2011-05-31
CS7569,0,478,9,2014-12-20,2011-09-28
CS7570,0,754,16,2014-12-04,2011-09-18
CS7571,0,490,10,2014-12-01,2011-06-06
CS7572,0,269,8,2015-02-10,2011-12-14
CS7573,0,712,15,2015-01-01,2011-07-21
CS7574,0,594,12,2015-03-09,2011-07-27
CS7575,0,848,19,2015-01-18,2011-08-30
CS7576,0,369,9,2014-12-13,2012-09-28
CS7577,0,622,15,2015-02-25,2011-06-14
CS7578,0,440,12,2014-12-18,2011-06-05
CS7579,0,634,16,2015-02-18,2011-06-07
CS7580,0,1145,26,2014-09-07,2011-07-12
CS7581,0,977,21,2015-02-07,2011-08-29
CS7582,0,616,15,2015-02-26,2011-05-23
CS7583,0,848,17,2015-02-15,2011-06-14
CS7584,0,799,15,2015-03-02,2011-07-07
CS7585,0,578,12,2014-12-13,2011-08-05
CS7586,0,544,13,2014-08-20,2011-07-18
CS7587,0,997,21,2015-02-07,2011-06-14
CS7588,0,640,17,2015-03-07,2011-05-17
CS7589,0,283,10,2015-03-01,2011-07-11
CS7590,0,541,13,2014-10-13,2011-06-05
CS7591,0,759,14,2014-10-13,2011-08-12
CS7592,0,522,12,2015-02-10,2011-08-01
CS7593,0,492,12,2015-02-20,2012-04-05
CS7594,0,409,9,2014-12-25,2011-07-05
CS7595,0,333,7,2014-02-22,2011-08-07
CS7596,0,358,8,2014-07-08,2011-08-08
CS7597,0,653,13,2015-01-09,2011-06-06
CS7598,0,693,14,2014-10-21,2011-06-03
CS7599,0,370,7,2015-01-18,2011-11-16
CS7600,0,667,16,2014-12-25,2011-06-14
CS7601,0,794,18,2014-12-27,2011-06-16
CS7602,0,513,11,2015-02-18,2011-08-29
CS7603,0,579,12,2014-11-11,2011-07-15
CS7604,0,790,17,2015-03-01,2011-08-25
CS7605,0,969,21,2015-02-28,2011-08-12
CS7606,0,332,7,2013-11-11,2012-01-13
CS7607,0,643,13,2015-01-14,2011-05-29
CS7608,0,452,10,2015-01-26,2011-06-02
CS7609,0,805,16,2014-10-30,2011-07-17
CS7610,0,475,12,2015-02-12,2011-05-18
CS7611,0,710,16,2014-06-08,2011-06-05
CS7612,0,840,18,2015-02-25,2011-05-20
CS7613,0,779,15,2014-11-09,2011-06-26
CS7614,0,739,16,2015-02-01,2011-06-25
CS7615,0,481,10,2015-03-13,2011-10-25
CS7616,0,660,14,2015-03-06,2011-07-29
CS7617,0,869,17,2014-12-02,2011-09-02
CS7618,0,454,8,2014-06-03,2011-09-06
CS7619,0,486,14,2015-03-05,2011-07-16
CS7620,0,439,10,2013-09-13,2012-07-03
CS7621,0,971,19,2015-02-23,2011-12-23
CS7622,0,558,11,2015-03-16,2011-06-14
CS7623,0,723,17,2015-02-28,2011-10-10
CS7624,0,802,21,2015-02-05,2011-06-27
CS7625,0,470,10,2015-03-11,2011-08-29
CS7626,0,275,8,2015-01-14,2011-07-04
CS7627,0,195,6,2014-12-29,2011-08-04
CS7628,0,503,13,2015-02-19,2011-06-12
CS7629,0,566,14,2015-03-13,2011-09-12
CS7630,0,603,13,2015-01-29,2011-06-10
CS7631,0,518,10,2014-11-23,2011-11-01
CS7632,0,534,11,2015-02-26,2011-09-28
CS7633,0,973,20,2015-02-26,2011-07-03
CS7634,0,549,10,2015-03-02,2011-06-26
CS7635,0,806,18,2014-12-10,2011-11-23
CS7636,1,311,11,2015-01-07,2011-12-16
CS7637,0,705,15,2015-02-22,2011-08-26
CS7639,0,741,16,2015-02-02,2012-02-22
CS7640,1,552,13,2015-01-15,2012-04-02
CS7641,0,622,14,2015-03-08,2011-07-21
CS7642,0,573,14,2015-02-10,2011-09-23
CS7643,0,867,16,2015-02-22,2011-10-25
CS7644,0,471,12,2014-07-20,2011-07-06
CS7645,0,615,15,2014-07-09,2011-05-20
CS7646,0,371,9,2013-06-29,2011-07-13
CS7647,0,526,14,2014-08-20,2011-09-24
CS7648,0,763,15,2014-11-20,2011-05-24
CS7649,0,626,12,2015-01-27,2011-05-21
CS7650,0,771,13,2014-07-15,2011-06-01
CS7651,0,265,7,2014-12-02,2011-06-27
CS7652,0,543,15,2014-12-02,2011-12-10
CS7653,0,682,15,2014-09-12,2011-05-28
CS7654,0,710,15,2014-12-16,2011-09-05
CS7655,0,423,9,2015-02-16,2011-06-21
CS7656,0,491,10,2015-01-21,2011-12-20
CS7657,0,577,13,2014-11-11,2011-05-23
CS7658,0,627,15,2015-02-15,2011-06-04
CS7659,0,323,9,2015-02-01,2011-10-14
CS7660,0,918,18,2015-02-24,2011-07-19
CS7661,0,788,18,2015-02-17,2011-06-16
CS7662,0,569,12,2015-02-22,2011-12-29
CS7663,0,881,18,2014-11-29,2011-09-12
CS7664,0,896,21,2015-03-03,2011-08-21
CS7665,0,442,10,2014-10-12,2011-05-31
CS7666,0,514,11,2015-01-25,2011-07-23
CS7667,0,636,15,2015-01-02,2011-08-09
CS7668,0,314,10,2015-01-26,2011-07-05
CS7669,0,595,12,2015-03-01,2012-10-14
CS7670,0,352,9,2013-05-07,2011-06-06
CS7671,0,644,14,2014-12-22,2011-07-25
CS7672,0,517,9,2014-11-05,2011-07-14
CS7673,1,815,17,2014-12-07,2011-06-12
CS7674,0,572,14,2015-01-21,2011-09-07
CS7675,0,751,17,2015-01-04,2011-08-16
CS7676,0,813,21,2014-09-26,2011-09-07
CS7677,0,417,14,2014-11-13,2011-08-15
CS7678,0,601,15,2014-12-31,2011-08-10
CS7679,0,853,18,2015-03-09,2011-11-15
CS7680,0,412,12,2015-01-27,2011-12-27
CS7681,0,721,15,2014-11-23,2011-05-27
CS7682,0,469,10,2014-09-23,2011-05-28
CS7683,0,537,12,2015-03-02,2011-06-30
CS7684,0,475,10,2014-11-04,2012-01-01
CS7685,0,531,12,2014-06-06,2012-04-26
CS7686,0,391,11,2014-12-21,2011-10-22
CS7687,0,511,13,2015-02-20,2011-06-12
CS7688,0,448,12,2014-07-31,2011-07-20
CS7689,0,401,11,2015-01-01,2011-07-09
CS7690,0,373,8,2014-10-07,2011-09-12
CS7691,0,497,11,2014-12-14,2011-05-19
CS7692,0,650,16,2015-03-15,2012-05-17
CS7693,0,347,10,2014-10-28,2011-06-29
CS7694,0,576,12,2015-01-10,2011-11-23
CS7695,0,844,19,2014-11-04,2011-05-26
CS7696,0,593,12,2014-10-07,2011-11-30
CS7697,0,420,8,2014-11-29,2011-08-25
CS7698,0,622,15,2015-03-11,2012-01-06
CS7699,0,374,10,2015-02-28,2012-03-23
CS7700,0,564,13,2014-05-29,2011-12-10
CS7701,0,690,16,2014-09-19,2011-08-03
CS7702,0,517,14,2015-02-18,2011-09-01
CS7703,0,422,11,2015-01-06,2012-05-11
CS7704,0,509,13,2014-10-15,2011-10-01
CS7705,0,448,12,2014-12-28,2011-05-28
CS7706,0,518,10,2014-11-16,2012-01-02
CS7707,0,652,14,2014-11-29,2011-09-03
CS7708,0,626,16,2014-10-15,2011-08-05
CS7709,0,629,16,2014-10-08,2011-05-28
CS7710,0,718,16,2014-01-26,2011-10-26
CS7711,0,467,13,2014-12-21,2012-01-06
CS7712,0,453,12,2014-11-07,2011-05-17
CS7713,0,626,14,2014-12-27,2011-05-28
CS7714,0,526,11,2015-03-16,2011-09-24
CS7715,0,590,12,2015-01-28,2011-07-06
CS7716,0,221,4,2014-03-29,2011-11-02
CS7717,0,489,8,2015-01-26,2011-12-29
CS7718,0,495,12,2014-12-29,2012-09-13
CS7719,0,657,13,2014-04-03,2011-08-25
CS7720,0,540,10,2015-03-16,2012-07-07
CS7721,0,919,18,2015-01-31,2011-06-07
CS7722,0,512,11,2015-01-23,2011-05-17
CS7723,0,505,10,2015-02-09,2012-06-12
CS7724,0,419,11,2015-02-15,2011-09-15
CS7725,0,707,17,2015-01-15,2011-10-18
CS7726,0,740,18,2015-01-25,2011-06-14
CS7727,0,683,16,2015-03-05,2011-05-22
CS7728,0,582,15,2014-11-06,2011-06-08
CS7729,0,848,17,2015-03-03,2011-10-16
CS7730,0,624,14,2014-11-05,2011-11-24
CS7731,0,463,10,2015-03-02,2011-08-10
CS7732,0,476,9,2014-04-25,2012-03-10
CS7733,0,570,16,2014-11-06,2011-10-09
CS7734,0,570,11,2014-09-07,2012-08-14
CS7735,0,524,12,2015-03-03,2011-07-21
CS7736,0,535,11,2014-11-06,2011-08-27
CS7737,0,749,16,2014-11-29,2011-08-05
CS7738,0,437,13,2015-02-09,2012-03-07
CS7739,0,598,13,2015-01-27,2012-01-29
CS7740,0,800,19,2015-02-05,2011-05-17
CS7741,0,575,13,2014-10-20,2011-05-26
CS7742,0,660,14,2015-01-05,2011-11-02
CS7743,0,443,10,2014-07-29,2011-06-10
CS7744,0,476,9,2015-03-03,2011-10-05
CS7745,0,601,16,2015-02-20,2011-05-23
CS7746,0,872,17,2014-06-10,2011-06-20
CS7747,0,541,12,2014-12-13,2011-05-16
CS7748,0,853,17,2015-03-14,2011-11-16
CS7749,0,716,15,2015-02-27,2011-11-08
CS7750,0,939,18,2014-12-25,2011-05-21
CS7751,0,822,16,2015-01-26,2011-05-23
CS7752,0,688,18,2015-02-27,2011-08-07
CS7753,0,467,12,2014-12-20,2011-07-14
CS7754,0,447,10,2014-12-28,2011-06-03
CS7755,0,660,13,2014-12-20,2011-06-19
CS7756,0,642,11,2014-06-06,2011-07-10
CS7757,0,1081,22,2014-12-26,2011-07-24
CS7758,0,680,15,2015-01-10,2011-06-04
CS7759,0,770,16,2014-11-29,2012-07-16
CS7760,0,503,13,2015-01-13,2011-06-06
CS7761,0,396,10,2014-03-20,2011-09-23
CS7762,0,367,9,2014-12-14,2011-12-04
CS7763,0,622,16,2015-02-16,2011-10-02
CS7764,0,528,12,2015-02-09,2012-09-11
CS7765,0,410,10,2014-12-22,2012-06-18
CS7766,0,746,16,2014-11-16,2011-05-23
CS7767,0,696,16,2014-12-08,2011-06-16
CS7768,0,660,17,2014-12-03,2011-06-08
CS7769,0,618,14,2014-09-17,2011-07-20
CS7770,0,732,17,2014-11-19,2011-09-01
CS7771,0,531,13,2014-10-31,2012-01-16
CS7772,0,501,11,2015-01-22,2011-10-18
CS7773,1,799,18,2014-09-05,2011-05-27
CS7774,0,755,20,2015-03-12,2011-07-13
CS7775,0,396,9,2014-06-30,2012-04-28
CS7776,0,894,19,2014-05-03,2011-07-24
CS7777,0,421,9,2014-10-27,2011-12-23
CS7778,0,514,12,2015-02-13,2011-05-16
CS7779,0,496,11,2014-01-02,2011-06-10
CS7780,0,473,10,2015-02-03,2011-06-30
CS7781,0,726,18,2014-09-08,2011-05-20
CS7782,0,584,11,2014-12-30,2011-06-26
CS7783,0,630,11,2014-11-22,2011-06-06
CS7784,0,453,10,2014-11-17,2011-05-17
CS7785,0,866,19,2015-02-26,2011-07-06
CS7786,0,781,18,2014-10-07,2011-10-06
CS7787,0,766,12,2014-11-21,2011-06-22
CS7788,0,611,16,2014-10-08,2011-05-28
CS7789,0,553,12,2015-03-01,2011-08-20
CS7790,0,413,13,2014-08-17,2011-06-04
CS7791,0,562,12,2015-03-16,2012-03-03
CS7792,0,491,11,2015-01-03,2012-03-28
CS7793,0,454,12,2015-02-21,2012-01-24
CS7794,0,535,15,2015-03-16,2011-08-11
CS7795,0,393,11,2014-09-02,2011-08-07
CS7796,0,557,14,2015-01-31,2011-07-17
CS7797,0,731,14,2014-06-22,2011-06-16
CS7798,0,439,12,2014-04-27,2012-02-23
CS7799,0,483,11,2015-02-03,2011-11-23
CS7800,0,491,11,2014-09-21,2012-02-06
CS7801,0,546,11,2014-11-24,2011-09-15
CS7802,0,855,20,2015-02-24,2011-12-11
CS7803,0,624,11,2014-09-29,2011-06-19
CS7804,0,737,16,2015-02-05,2011-06-09
CS7805,0,903,21,2015-02-20,2011-07-29
CS7806,0,443,11,2014-11-25,2011-10-21
CS7807,0,1017,21,2015-01-24,2011-11-18
CS7808,0,437,10,2014-12-16,2011-08-04
CS7809,0,563,14,2015-02-16,2011-05-29
CS7810,0,462,10,2015-02-02,2011-08-10
CS7811,0,578,13,2015-02-28,2011-09-16
CS7812,0,815,19,2015-02-23,2011-05-30
CS7813,0,707,17,2014-11-21,2011-07-22
CS7814,0,787,14,2014-10-30,2011-07-04
CS7815,0,366,8,2015-02-05,2011-05-26
CS7816,0,510,13,2015-02-09,2011-07-31
CS7817,0,711,14,2014-12-28,2011-06-18
CS7818,0,375,13,2015-02-25,2011-12-04
CS7819,0,824,20,2015-02-07,2011-07-29
CS7820,0,783,18,2015-01-31,2011-06-05
CS7821,0,497,9,2014-08-01,2011-10-27
CS7822,0,277,5,2014-07-08,2012-01-29
CS7823,0,600,13,2015-02-04,2011-12-09
CS7824,0,412,10,2015-03-08,2011-08-23
CS7825,1,1016,18,2015-03-03,2011-12-08
CS7826,0,445,10,2015-01-03,2011-10-01
CS7827,0,517,14,2015-03-04,2011-07-30
CS7828,0,590,11,2014-09-28,2011-06-13
CS7829,0,565,12,2014-11-30,2011-08-13
CS7830,0,406,8,2014-12-08,2011-10-09
CS7831,0,981,22,2015-03-02,2011-05-22
CS7832,0,905,20,2014-12-03,2011-10-06
CS7833,0,325,8,2015-01-08,2011-06-20
CS7834,0,362,8,2013-11-04,2011-09-05
CS7835,0,622,15,2015-02-03,2011-08-25
CS7836,0,927,17,2014-06-26,2011-08-09
CS7837,0,940,16,2015-02-02,2011-07-31
CS7838,0,580,15,2015-03-06,2011-06-01
CS7839,0,492,11,2014-04-02,2012-02-09
CS7840,0,528,10,2015-02-04,2011-05-31
CS7841,0,412,10,2015-03-03,2011-08-25
CS7842,0,565,12,2015-02-20,2011-07-08
CS7843,0,497,11,2015-01-19,2012-03-07
CS7844,0,603,14,2015-02-26,2011-11-25
CS7845,0,422,9,2014-07-20,2011-05-23
CS7846,1,924,21,2014-09-30,2011-07-30
CS7847,0,725,17,2015-01-25,2011-06-04
CS7848,0,431,11,2014-10-10,2011-06-24
CS7849,0,349,8,2015-03-07,2011-12-19
CS7850,0,665,18,2015-03-09,2011-08-02
CS7851,0,708,13,2015-02-14,2011-06-07
CS7852,0,422,9,2014-12-04,2011-09-06
CS7853,0,559,12,2015-01-11,2011-12-21
CS7854,0,534,15,2014-07-23,2011-06-12
CS7855,0,542,11,2014-02-10,2011-06-04
CS7856,0,257,5,2015-02-28,2012-02-29
CS7857,0,996,22,2015-03-09,2011-08-21
CS7858,0,976,18,2014-11-16,2011-05-22
CS7859,0,728,13,2014-12-11,2012-04-12
CS7860,0,406,9,2014-12-22,2012-03-05
CS7861,1,613,14,2014-10-10,2012-02-11
CS7862,0,641,16,2014-12-29,2011-07-24
CS7863,0,444,12,2015-01-24,2011-06-26
CS7864,0,445,11,2015-02-25,2011-07-08
CS7865,0,1069,24,2014-12-10,2011-07-07
CS7866,0,977,20,2014-11-23,2011-05-24
CS7867,0,762,17,2015-01-09,2011-07-24
CS7868,0,486,12,2015-01-09,2011-06-10
CS7869,0,370,9,2015-02-05,2011-11-24
CS7870,0,606,13,2015-02-01,2011-08-18
CS7871,0,451,10,2014-05-08,2011-06-12
CS7872,0,579,12,2015-02-23,2012-01-07
CS7873,0,662,14,2015-01-20,2011-07-29
CS7874,0,534,12,2015-03-02,2012-04-01
CS7875,0,627,14,2015-02-19,2011-06-09
CS7876,0,612,11,2015-02-18,2012-01-26
CS7877,0,629,14,2014-12-02,2011-07-23
CS7878,0,717,16,2014-11-12,2011-07-22
CS7879,0,643,14,2015-01-23,2011-09-19
CS7880,0,457,10,2014-10-13,2011-05-19
CS7881,0,274,7,2014-10-09,2012-06-25
CS7882,0,228,5,2014-09-23,2012-11-24
CS7883,0,406,9,2014-10-12,2011-06-29
CS7884,0,328,8,2015-02-08,2011-07-18
CS7885,0,630,14,2015-03-14,2011-10-20
CS7886,0,566,14,2014-04-16,2012-01-13
CS7887,0,616,15,2015-01-12,2011-08-27
CS7888,1,777,17,2014-04-06,2011-09-08
CS7889,0,198,5,2015-02-27,2011-11-18
CS7890,0,838,18,2015-03-03,2011-09-15
CS7891,0,188,6,2013-11-27,2011-05-31
CS7892,0,599,11,2015-01-30,2011-07-22
CS7893,0,494,11,2014-12-24,2011-07-17
CS7894,0,594,15,2015-03-03,2011-08-20
CS7895,0,533,13,2014-11-06,2011-09-04
CS7896,0,259,6,2014-07-27,2011-07-06
CS7897,0,544,12,2014-09-15,2011-09-04
CS7898,0,603,12,2014-12-16,2011-10-11
CS7899,0,310,6,2015-02-20,2011-07-10
CS7900,0,745,16,2014-11-19,2011-10-20
CS7901,0,557,14,2014-10-01,2011-06-02
CS7902,0,462,10,2015-02-13,2011-11-22
CS7903,0,899,18,2015-03-10,2011-05-19
CS7904,0,483,13,2014-11-14,2011-06-05
CS7905,0,821,20,2015-03-02,2011-06-03
CS7906,0,577,17,2015-02-12,2011-06-09
CS7907,0,633,14,2015-01-14,2011-06-29
CS7908,0,727,18,2014-12-01,2011-07-25
CS7909,0,738,14,2015-03-03,2012-06-27
CS7910,0,518,11,2015-01-01,2012-02-21
CS7911,0,694,16,2015-03-05,2011-08-08
CS7912,0,702,17,2014-11-11,2011-07-29
CS7913,0,369,8,2014-04-07,2011-07-07
CS7914,0,526,11,2014-12-20,2011-12-29
CS7915,0,232,5,2014-09-15,2012-08-05
CS7916,0,832,18,2015-03-08,2011-06-24
CS7917,0,333,10,2014-11-23,2011-05-24
CS7918,0,248,8,2013-12-17,2011-05-18
CS7919,0,620,14,2014-01-01,2011-06-25
CS7920,0,729,17,2014-12-23,2011-09-23
CS7921,0,687,16,2015-01-24,2011-07-23
CS7922,0,665,12,2015-01-24,2012-06-03
CS7923,0,1028,22,2014-12-18,2011-07-05
CS7924,0,850,19,2015-02-14,2011-06-19
CS7925,0,891,19,2014-11-01,2011-07-16
CS7926,0,417,11,2014-10-19,2011-10-04
CS7927,0,548,12,2014-11-25,2011-05-19
CS7928,0,408,9,2015-03-09,2011-07-24
CS7929,0,493,12,2014-11-29,2011-06-12
CS7930,1,713,16,2014-12-10,2011-06-05
CS7931,0,391,10,2014-07-01,2012-02-17
CS7932,0,657,15,2014-10-24,2011-08-29
CS7933,0,763,16,2015-01-30,2011-09-09
CS7934,0,327,9,2015-01-23,2011-06-22
CS7935,0,623,15,2015-01-31,2011-06-18
CS7936,0,364,10,2014-12-24,2011-08-28
CS7937,0,473,13,2014-11-29,2011-06-01
CS7938,0,670,19,2015-02-21,2011-07-01
CS7939,0,498,11,2014-04-02,2011-06-05
CS7940,1,793,17,2014-07-07,2011-05-28
CS7941,0,342,9,2015-03-02,2011-06-23
CS7942,0,544,14,2014-12-17,2011-06-22
CS7943,0,731,15,2015-03-10,2011-09-09
CS7944,0,820,15,2015-02-27,2012-01-27
CS7945,0,796,17,2014-12-14,2011-11-25
CS7946,0,614,13,2014-12-13,2011-10-01
CS7947,0,598,13,2014-12-18,2011-05-28
CS7948,0,488,12,2014-08-05,2011-05-23
CS7949,1,837,17,2014-12-19,2011-08-15
CS7950,0,824,17,2015-03-15,2011-08-04
CS7951,0,488,11,2014-07-02,2011-05-29
CS7952,0,531,11,2014-12-10,2011-08-14
CS7953,0,692,15,2015-03-07,2011-06-29
CS7954,0,694,14,2015-03-11,2011-09-08
CS7955,0,580,12,2015-02-03,2011-07-30
CS7956,0,332,9,2014-06-18,2011-06-08
CS7957,0,472,13,2015-01-07,2011-06-09
CS7958,0,522,12,2014-11-29,2011-10-21
CS7959,0,860,20,2014-11-15,2011-06-22
CS7960,0,661,13,2015-03-06,2011-12-13
CS7961,0,553,11,2014-10-24,2011-07-19
CS7962,0,473,10,2014-07-13,2012-04-09
CS7963,0,662,16,2015-03-09,2011-09-23
CS7964,0,768,15,2015-02-11,2011-07-16
CS7965,0,529,11,2014-10-10,2011-06-01
CS7966,0,450,8,2015-01-14,2011-10-22
CS7967,0,683,14,2015-02-05,2011-10-18
CS7968,0,502,11,2015-03-04,2012-01-09
CS7969,0,891,21,2015-02-04,2011-11-12
CS7970,0,547,10,2015-03-12,2011-08-08
CS7971,0,498,9,2015-02-05,2011-12-14
CS7972,0,438,11,2014-04-15,2011-07-23
CS7973,0,239,8,2014-11-08,2012-05-03
CS7974,0,641,15,2014-09-19,2011-09-13
CS7975,0,689,17,2014-06-30,2011-07-23
CS7976,0,370,8,2015-03-15,2012-01-25
CS7977,0,469,12,2015-02-26,2011-12-14
CS7978,0,734,17,2014-11-29,2011-08-06
CS7979,0,629,12,2014-11-12,2011-06-04
CS7980,0,592,14,2015-02-27,2011-07-15
CS7981,0,488,11,2015-03-04,2011-05-21
CS7982,0,1121,24,2015-02-20,2011-08-04
CS7983,0,597,12,2014-07-23,2012-06-18
CS7984,0,295,8,2014-05-13,2012-12-04
CS7985,0,396,11,2015-01-20,2011-05-29
CS7986,0,689,14,2015-02-15,2011-07-12
CS7987,0,646,15,2015-02-10,2011-06-09
CS7988,0,382,11,2013-12-30,2011-07-16
CS7989,0,650,15,2014-11-23,2011-05-21
CS7990,0,704,15,2015-01-22,2011-10-07
CS7991,0,644,16,2015-03-15,2011-06-01
CS7992,0,486,12,2015-02-13,2011-09-08
CS7993,0,425,11,2014-07-15,2011-07-12
CS7994,0,613,11,2014-11-09,2011-06-02
CS7995,0,730,16,2014-08-10,2011-06-20
CS7996,0,851,19,2014-12-13,2011-07-25
CS7997,0,669,14,2014-11-01,2011-07-02
CS7998,0,637,16,2015-02-23,2011-06-21
CS7999,0,443,8,2014-05-29,2011-10-06
CS8000,0,576,13,2015-01-07,2011-10-13
CS8001,0,588,12,2014-11-11,2011-05-31
CS8002,0,363,8,2015-01-23,2011-12-11
CS8003,0,625,14,2015-01-04,2011-09-26
CS8004,0,610,12,2015-02-01,2011-06-06
CS8005,0,800,16,2015-02-15,2011-08-01
CS8006,0,466,11,2014-11-22,2011-07-12
CS8007,0,440,10,2015-01-22,2012-03-10
CS8008,0,631,13,2015-03-05,2011-06-06
CS8009,0,343,9,2014-09-15,2011-06-06
CS8010,0,687,15,2014-11-27,2011-07-25
CS8011,0,449,10,2013-06-06,2011-05-29
CS8012,0,196,6,2014-11-27,2011-06-13
CS8013,0,591,13,2015-01-20,2011-06-17
CS8014,0,350,9,2015-03-03,2011-05-16
CS8015,0,522,12,2014-06-30,2011-09-18
CS8016,0,865,18,2014-12-11,2011-07-24
CS8017,0,530,15,2014-09-28,2011-05-17
CS8018,0,408,10,2015-02-11,2011-07-05
CS8019,0,600,15,2015-03-03,2011-06-07
CS8020,0,408,11,2014-08-17,2011-09-11
CS8021,0,576,11,2014-06-20,2012-05-02
CS8022,0,833,17,2015-02-15,2011-08-30
CS8023,0,443,10,2015-01-21,2011-12-24
CS8024,0,685,14,2014-09-25,2011-10-10
CS8025,0,428,12,2014-05-01,2011-08-12
CS8026,0,600,17,2015-02-19,2011-06-20
CS8027,0,816,17,2015-03-13,2011-08-13
CS8028,0,284,7,2014-10-14,2011-05-23
CS8029,0,520,12,2014-10-20,2011-05-22
CS8030,0,860,19,2015-02-20,2011-06-29
CS8031,0,725,16,2015-02-07,2011-07-02
CS8032,0,452,11,2014-10-24,2011-09-21
CS8033,0,255,5,2013-11-18,2011-08-24
CS8034,0,535,12,2014-08-18,2011-07-27
CS8035,0,729,15,2014-12-21,2011-05-17
CS8036,0,922,19,2015-02-01,2011-10-11
CS8037,0,777,16,2014-01-27,2011-06-01
CS8038,0,504,10,2015-01-26,2011-08-11
CS8039,0,540,10,2015-02-06,2011-08-21
CS8040,0,356,11,2014-12-06,2012-08-05
CS8041,0,805,15,2014-08-12,2011-06-01
CS8042,0,675,16,2015-01-21,2011-08-04
CS8043,0,472,11,2015-01-06,2011-06-19
CS8044,0,501,13,2015-02-01,2011-08-17
CS8045,0,721,15,2014-11-14,2011-06-19
CS8046,0,537,11,2015-03-09,2011-06-03
CS8047,0,933,18,2015-01-20,2011-10-23
CS8048,0,619,12,2015-02-24,2011-07-12
CS8049,0,701,13,2014-11-12,2011-05-29
CS8050,0,614,13,2014-12-25,2011-08-27
CS8051,0,451,12,2014-07-23,2011-06-06
CS8052,0,564,14,2014-04-26,2011-06-04
CS8053,0,463,12,2015-03-04,2011-07-13
CS8054,0,327,8,2015-01-30,2011-07-17
CS8055,0,962,20,2015-01-21,2011-06-29
CS8056,0,512,15,2015-01-22,2011-09-06
CS8057,0,602,12,2015-02-23,2012-02-02
CS8058,0,753,17,2015-03-05,2011-11-27
CS8059,0,802,18,2014-11-23,2011-06-04
CS8060,0,535,13,2014-11-21,2011-05-16
CS8061,0,801,20,2015-03-13,2011-06-08
CS8062,0,466,9,2014-04-08,2011-08-30
CS8063,0,579,13,2014-11-17,2011-05-27
CS8064,0,607,14,2014-11-05,2011-07-04
CS8065,0,482,11,2015-03-07,2012-02-13
CS8066,0,545,13,2014-10-23,2011-07-15
CS8067,0,699,16,2014-03-05,2011-07-19
CS8068,0,258,6,2015-01-23,2011-08-11
CS8069,0,792,15,2014-12-02,2011-07-26
CS8070,0,437,11,2015-02-17,2011-06-05
CS8071,0,439,10,2014-10-28,2011-07-24
CS8072,0,643,11,2015-03-09,2011-11-12
CS8073,0,575,16,2015-02-09,2011-07-16
CS8074,0,384,9,2015-02-23,2012-03-20
CS8075,0,453,12,2015-01-11,2011-05-21
CS8076,0,379,9,2014-05-16,2011-05-31
CS8077,0,164,5,2015-03-01,2011-08-28
CS8078,0,617,13,2014-11-08,2011-06-13
CS8079,1,769,15,2014-09-19,2011-12-14
CS8080,0,474,10,2015-01-08,2012-04-06
CS8081,1,718,15,2015-02-17,2011-10-10
CS8082,0,519,12,2014-11-24,2011-11-20
CS8083,0,628,18,2015-01-10,2011-05-23
CS8084,0,449,9,2014-04-28,2011-06-30
CS8085,0,880,21,2014-09-24,2011-05-31
CS8086,0,811,19,2015-03-06,2011-07-10
CS8087,0,307,9,2015-02-23,2011-10-14
CS8088,0,346,8,2014-02-10,2011-12-07
CS8089,0,549,13,2015-01-22,2011-08-27
CS8090,0,336,8,2014-10-09,2011-07-17
CS8091,0,690,16,2014-12-06,2011-07-20
CS8092,0,648,12,2015-01-28,2012-05-09
CS8093,0,755,15,2014-11-08,2011-07-05
CS8094,0,326,10,2014-10-12,2011-07-16
CS8095,0,595,14,2015-03-03,2011-09-06
CS8096,0,409,11,2014-11-21,2011-06-10
CS8097,0,378,8,2014-10-22,2011-05-18
CS8098,0,767,17,2015-01-05,2011-08-31
CS8099,0,593,13,2014-12-18,2011-08-03
CS8100,0,569,13,2014-11-10,2011-08-20
CS8101,0,539,11,2015-01-13,2013-09-13
CS8102,0,801,14,2014-07-09,2011-08-25
CS8103,0,487,11,2015-02-09,2011-06-12
CS8104,1,915,19,2015-02-05,2011-06-17
CS8105,0,534,9,2014-05-25,2011-06-13
CS8106,0,347,9,2015-02-18,2011-11-22
CS8107,0,441,10,2015-03-16,2011-05-28
CS8108,0,378,9,2015-02-02,2012-01-16
CS8109,0,677,16,2015-02-09,2011-05-22
CS8110,0,479,9,2014-11-13,2012-03-20
CS8111,0,597,15,2015-01-26,2011-07-31
CS8112,0,488,13,2014-06-09,2011-06-20
CS8113,0,911,20,2015-03-10,2011-06-19
CS8114,0,306,9,2015-02-07,2011-06-12
CS8115,0,745,15,2015-02-05,2011-05-19
CS8116,0,754,18,2015-01-30,2011-06-03
CS8117,0,828,18,2015-02-19,2011-05-17
CS8118,0,450,8,2014-06-06,2012-11-08
CS8119,0,681,16,2015-01-09,2011-05-18
CS8120,0,437,8,2014-09-29,2012-08-29
CS8121,0,586,12,2015-02-13,2011-06-13
CS8122,0,636,17,2014-11-10,2011-10-28
CS8123,0,675,14,2014-12-04,2011-07-28
CS8124,0,481,13,2014-04-30,2011-08-01
CS8125,0,552,12,2014-11-08,2012-03-13
CS8126,0,533,10,2015-02-13,2011-08-18
CS8127,0,759,22,2015-03-05,2011-05-31
CS8128,0,763,15,2015-01-15,2011-05-19
CS8129,0,549,11,2015-02-21,2011-09-08
CS8130,0,765,16,2015-01-20,2011-07-16
CS8131,0,316,7,2014-03-10,2012-12-15
CS8132,0,406,10,2014-12-07,2011-08-15
CS8133,0,509,12,2014-12-20,2012-05-28
CS8134,0,446,11,2015-01-07,2011-05-22
CS8135,0,722,18,2014-12-31,2011-08-07
CS8136,0,383,11,2015-01-16,2011-09-17
CS8137,0,528,12,2015-03-04,2011-09-23
CS8138,0,609,15,2015-01-26,2011-08-28
CS8139,0,717,15,2014-12-24,2011-06-07
CS8140,0,820,17,2014-12-19,2011-06-22
CS8141,0,632,14,2015-03-16,2011-09-08
CS8142,0,710,14,2015-02-12,2011-07-12
CS8143,0,534,12,2015-02-14,2011-07-01
CS8144,0,220,5,2014-07-13,2011-07-23
CS8145,0,471,12,2015-03-06,2011-05-29
CS8146,0,574,13,2014-12-30,2011-06-02
CS8147,0,398,10,2015-02-14,2011-07-19
CS8148,0,718,17,2015-01-01,2011-07-08
CS8149,0,522,13,2015-02-28,2011-06-20
CS8150,0,515,12,2014-08-28,2011-06-10
CS8151,0,321,9,2014-12-21,2011-07-18
CS8152,0,355,8,2015-01-28,2011-07-11
CS8153,0,506,13,2014-12-22,2011-08-16
CS8154,0,386,12,2014-09-08,2011-06-14
CS8155,0,478,12,2015-01-03,2011-06-17
CS8156,0,418,10,2014-07-03,2011-06-06
CS8157,0,315,8,2014-05-25,2011-12-19
CS8158,0,528,11,2014-09-09,2011-10-11
CS8159,0,347,8,2014-08-29,2011-06-01
CS8160,0,269,5,2014-11-19,2011-10-12
CS8161,0,766,14,2015-02-17,2011-11-03
CS8162,0,702,13,2015-01-15,2011-07-03
CS8163,0,430,8,2014-09-04,2012-01-05
CS8164,0,569,11,2014-06-24,2011-06-18
CS8165,0,488,10,2014-11-10,2011-05-24
CS8166,0,631,14,2014-08-29,2011-06-04
CS8167,1,590,15,2014-12-19,2011-06-16
CS8168,0,456,11,2015-01-29,2011-08-20
CS8169,0,401,7,2015-01-27,2012-06-01
CS8170,0,424,11,2015-01-07,2011-07-16
CS8171,0,403,9,2014-12-25,2011-06-20
CS8172,0,414,11,2015-02-15,2011-07-29
CS8173,0,371,9,2013-11-01,2011-05-27
CS8174,0,862,18,2014-12-14,2011-08-12
CS8175,0,564,13,2014-11-15,2011-10-14
CS8176,0,774,15,2014-12-28,2011-06-02
CS8177,0,350,11,2015-01-30,2011-10-11
CS8178,0,525,12,2015-02-11,2012-01-04
CS8179,0,960,23,2014-12-25,2011-05-30
CS8180,0,624,14,2014-11-05,2011-07-05
CS8181,0,416,10,2014-12-21,2011-08-26
CS8182,0,596,16,2014-09-24,2011-07-22
CS8183,0,305,9,2015-01-16,2012-02-26
CS8184,0,745,16,2015-03-02,2011-05-24
CS8185,0,469,10,2014-10-03,2011-08-25
CS8186,0,316,9,2014-11-07,2012-02-14
CS8187,0,753,18,2015-01-20,2011-05-21
CS8188,0,542,11,2015-03-15,2011-07-16
CS8189,0,406,10,2014-12-26,2011-07-30
CS8190,0,652,15,2014-11-17,2011-06-26
CS8191,0,769,18,2015-02-11,2011-08-22
CS8192,0,287,6,2014-10-15,2012-04-22
CS8193,0,490,9,2014-05-25,2011-09-22
CS8194,0,917,20,2015-01-18,2011-08-26
CS8195,0,607,15,2015-03-03,2011-12-13
CS8196,0,433,11,2014-11-07,2011-08-25
CS8197,0,663,15,2014-11-19,2011-08-04
CS8198,0,614,13,2014-10-15,2011-09-10
CS8199,0,628,17,2015-01-03,2011-06-10
CS8200,0,537,13,2015-02-09,2011-08-14
CS8201,0,402,9,2014-02-05,2011-08-31
CS8202,0,927,19,2015-01-31,2011-06-01
CS8203,0,391,8,2015-03-13,2011-05-18
CS8204,0,343,8,2014-01-15,2011-06-22
CS8205,0,877,19,2015-01-16,2011-10-30
CS8206,0,442,9,2015-02-28,2011-10-12
CS8207,0,781,16,2015-02-22,2011-07-18
CS8208,0,870,19,2015-02-02,2011-05-21
CS8209,0,414,9,2014-10-29,2012-08-27
CS8210,0,569,12,2014-12-10,2011-08-03
CS8211,0,320,8,2014-07-05,2011-05-20
CS8212,0,548,12,2014-11-21,2011-06-23
CS8213,0,645,16,2015-01-27,2011-09-16
CS8214,0,316,8,2015-01-06,2011-05-25
CS8215,0,1031,21,2015-02-15,2011-07-17
CS8216,0,498,10,2014-08-28,2013-07-04
CS8217,0,528,10,2015-01-07,2011-07-19
CS8218,0,595,13,2014-11-23,2011-07-09
CS8219,0,586,13,2015-02-14,2012-04-17
CS8220,0,918,19,2015-02-13,2011-08-24
CS8221,0,634,13,2014-11-06,2011-06-06
CS8222,0,444,10,2015-01-19,2011-12-29
CS8223,0,787,17,2015-03-13,2011-06-10
CS8224,0,187,5,2014-12-21,2011-09-30
CS8225,0,451,11,2014-05-09,2012-02-14
CS8226,0,659,12,2015-03-09,2011-12-01
CS8227,0,582,13,2015-01-15,2012-02-03
CS8228,0,587,13,2015-03-06,2011-08-29
CS8229,0,662,15,2015-02-17,2011-10-23
CS8230,0,750,16,2015-01-18,2011-07-10
CS8231,0,537,11,2015-01-19,2011-05-24
CS8232,0,774,15,2014-09-01,2011-07-13
CS8233,0,911,18,2015-03-01,2011-05-25
CS8234,0,157,5,2014-12-21,2013-04-15
CS8235,0,674,13,2015-02-13,2011-06-05
CS8236,0,508,11,2014-10-31,2011-09-17
CS8237,0,751,17,2015-02-18,2011-07-15
CS8238,0,464,9,2014-05-19,2011-08-01
CS8239,0,645,14,2014-05-27,2011-11-13
CS8240,0,322,8,2014-11-22,2011-12-27
CS8241,0,535,14,2015-03-14,2011-08-05
CS8242,0,411,11,2014-12-03,2011-06-30
CS8243,0,392,10,2015-02-23,2011-09-04
CS8244,0,481,13,2015-02-06,2012-01-20
CS8245,0,621,13,2014-08-05,2011-05-21
CS8246,0,525,14,2015-03-09,2011-08-10
CS8247,0,531,12,2015-03-09,2011-05-22
CS8248,0,449,10,2015-01-15,2011-06-24
CS8249,0,597,15,2014-08-27,2011-06-02
CS8250,0,676,15,2015-03-07,2011-11-03
CS8251,0,567,14,2015-03-03,2011-08-16
CS8252,0,918,20,2014-12-13,2011-06-03
CS8253,0,359,9,2014-11-11,2011-11-10
CS8254,0,539,12,2014-09-24,2011-06-14
CS8255,0,434,9,2014-12-04,2012-02-17
CS8256,0,463,10,2014-01-24,2011-07-10
CS8257,0,877,18,2014-12-27,2011-05-29
CS8258,0,425,11,2014-10-02,2011-09-03
CS8259,0,599,11,2015-02-16,2011-06-01
CS8260,0,590,11,2014-10-13,2011-11-25
CS8261,0,458,10,2014-03-07,2011-10-19
CS8262,0,373,11,2014-11-22,2012-02-06
CS8263,0,810,21,2015-02-05,2011-05-24
CS8264,0,826,16,2015-02-02,2011-06-13
CS8265,0,312,7,2014-11-13,2011-08-11
CS8266,0,558,11,2015-02-23,2012-07-20
CS8267,0,552,12,2015-01-11,2012-05-23
CS8268,0,475,10,2015-01-07,2011-05-27
CS8269,0,515,13,2015-03-10,2011-06-28
CS8270,0,529,14,2014-11-02,2011-09-15
CS8271,0,374,10,2015-03-09,2011-09-13
CS8272,0,605,12,2014-10-06,2011-09-09
CS8273,0,769,15,2014-05-03,2011-06-06
CS8274,0,568,12,2015-02-22,2011-05-30
CS8275,0,589,12,2015-02-14,2011-08-23
CS8276,0,502,11,2014-10-08,2011-12-21
CS8277,0,673,15,2014-07-06,2011-05-27
CS8278,0,264,6,2014-08-19,2012-02-09
CS8279,0,586,13,2015-01-07,2011-08-15
CS8280,0,898,19,2014-12-25,2011-09-02
CS8281,0,436,10,2014-02-17,2011-08-25
CS8282,0,662,14,2015-01-09,2011-12-24
CS8283,0,561,14,2015-03-01,2011-09-11
CS8284,0,1053,21,2014-11-16,2011-09-06
CS8285,0,1018,20,2015-03-09,2011-09-29
CS8286,0,363,8,2014-02-26,2011-06-10
CS8287,0,424,11,2015-02-03,2011-12-15
CS8288,0,750,16,2015-02-09,2011-05-16
CS8289,0,490,11,2014-10-08,2012-03-13
CS8290,0,589,13,2015-03-13,2011-10-28
CS8291,0,722,15,2015-03-13,2011-06-26
CS8292,1,796,14,2014-11-05,2011-10-24
CS8293,0,819,17,2015-01-30,2011-07-19
CS8294,0,842,18,2015-03-04,2011-06-14
CS8295,0,396,12,2014-10-31,2011-07-25
CS8296,0,641,16,2015-01-19,2011-10-01
CS8297,0,616,12,2015-01-02,2011-05-31
CS8298,0,384,12,2015-02-04,2011-08-11
CS8299,0,777,16,2013-10-05,2011-08-15
CS8300,0,576,13,2014-12-23,2011-10-14
CS8301,0,355,9,2013-10-27,2012-01-29
CS8302,0,671,15,2014-12-24,2011-06-15
CS8303,0,688,13,2015-01-20,2011-05-16
CS8304,0,390,8,2015-03-06,2011-07-18
CS8305,0,541,13,2015-02-06,2011-06-10
CS8306,0,876,18,2015-01-21,2011-07-05
CS8307,0,353,11,2013-12-23,2011-05-31
CS8308,0,548,14,2014-12-30,2011-05-22
CS8309,0,734,14,2015-01-29,2011-05-31
CS8310,1,1202,24,2015-02-16,2011-08-20
CS8311,0,523,12,2014-07-30,2011-09-04
CS8312,0,908,20,2014-11-27,2011-07-03
CS8313,0,571,16,2015-03-06,2011-06-13
CS8314,0,366,9,2015-01-02,2011-07-23
CS8315,0,342,8,2014-09-18,2012-05-05
CS8316,1,1026,25,2015-03-13,2011-09-26
CS8317,0,957,19,2015-03-04,2011-08-30
CS8318,0,556,12,2014-11-22,2011-07-24
CS8319,0,636,14,2014-11-29,2011-12-16
CS8320,0,552,14,2014-12-28,2011-05-24
CS8321,0,604,11,2014-08-25,2012-06-25
CS8322,0,351,12,2015-02-10,2011-06-28
CS8323,0,794,16,2015-02-12,2011-09-30
CS8324,0,461,9,2015-02-15,2011-12-06
CS8325,0,579,14,2015-01-11,2011-10-23
CS8326,0,209,5,2015-02-21,2013-02-22
CS8327,0,598,15,2015-01-13,2011-05-24
CS8328,0,772,18,2015-02-20,2011-10-25
CS8329,0,742,18,2014-07-15,2011-08-18
CS8330,0,610,14,2014-10-17,2011-12-25
CS8331,0,532,14,2015-01-22,2011-06-04
CS8332,0,439,9,2014-01-29,2011-08-04
CS8333,0,636,16,2015-02-22,2011-07-13
CS8334,0,495,12,2014-12-30,2011-06-21
CS8335,0,581,11,2014-07-26,2011-05-19
CS8336,0,692,16,2015-02-22,2011-05-30
CS8337,0,737,16,2015-03-11,2011-07-15
CS8338,0,668,17,2014-11-04,2011-07-06
CS8339,0,361,9,2015-01-07,2011-12-14
CS8340,0,742,15,2015-01-24,2011-10-22
CS8341,0,740,17,2015-02-18,2011-06-13
CS8342,0,618,13,2015-01-14,2011-06-17
CS8343,0,581,11,2014-03-25,2011-07-17
CS8344,0,349,10,2014-11-24,2011-10-13
CS8345,0,839,17,2015-03-08,2011-05-23
CS8346,1,959,20,2015-02-04,2011-08-01
CS8347,0,347,9,2014-11-26,2011-06-16
CS8348,0,1055,20,2014-10-25,2011-06-26
CS8349,0,694,13,2014-12-17,2011-05-16
CS8350,0,991,19,2015-02-26,2011-05-30
CS8351,0,748,19,2015-01-11,2011-06-19
CS8352,0,654,15,2014-10-06,2011-07-17
CS8353,0,546,10,2014-11-24,2011-07-12
CS8354,0,553,13,2015-03-04,2011-10-09
CS8355,0,477,11,2014-02-16,2011-07-31
CS8356,0,688,14,2014-08-31,2012-01-02
CS8357,0,579,16,2015-03-15,2011-07-12
CS8358,0,364,10,2014-07-21,2011-07-25
CS8359,0,669,15,2014-11-29,2011-08-21
CS8360,0,436,9,2015-02-06,2011-07-10
CS8361,0,988,23,2014-10-08,2011-07-31
CS8362,0,785,16,2015-01-10,2011-07-16
CS8363,0,1006,18,2015-02-26,2011-05-16
CS8364,0,735,17,2015-02-22,2011-09-10
CS8365,0,504,9,2014-12-29,2011-10-07
CS8366,0,651,14,2015-02-28,2011-06-10
CS8367,0,728,14,2014-07-16,2011-05-29
CS8368,0,701,18,2015-03-09,2011-08-09
CS8369,0,798,18,2015-01-28,2012-01-05
CS8370,0,634,13,2015-03-06,2011-08-05
CS8371,0,546,16,2015-01-23,2011-05-30
CS8372,0,763,17,2015-02-24,2011-06-19
CS8373,0,742,16,2014-10-13,2011-06-22
CS8374,0,596,16,2014-10-26,2011-06-23
CS8375,0,428,11,2015-02-07,2011-06-05
CS8377,0,823,18,2015-01-12,2012-03-26
CS8378,0,916,19,2014-12-29,2011-06-19
CS8379,0,470,11,2015-01-28,2011-10-26
CS8380,0,393,7,2014-12-01,2011-06-23
CS8381,0,660,14,2015-01-28,2011-07-24
CS8382,0,540,11,2014-10-13,2011-08-09
CS8383,0,564,12,2014-12-13,2011-07-31
CS8384,0,588,13,2015-01-07,2011-10-15
CS8385,0,404,11,2015-01-09,2011-06-11
CS8386,0,330,10,2014-11-26,2012-02-10
CS8387,0,560,14,2014-09-21,2011-07-03
CS8388,0,455,10,2014-04-21,2011-05-31
CS8389,0,542,14,2015-01-26,2011-06-14
CS8390,0,209,7,2014-05-20,2011-07-09
CS8391,0,627,14,2014-08-01,2012-01-22
CS8392,0,520,16,2014-10-16,2011-06-08
CS8393,0,350,12,2015-02-28,2011-08-24
CS8394,0,423,11,2015-01-20,2011-06-24
CS8395,0,568,14,2014-10-07,2011-07-07
CS8396,0,588,10,2015-02-01,2011-08-19
CS8397,0,506,12,2014-12-20,2012-02-06
CS8398,0,536,12,2014-03-18,2011-06-25
CS8399,0,595,15,2014-09-03,2011-06-20
CS8400,0,345,8,2013-12-25,2011-07-20
CS8401,0,420,10,2015-02-22,2011-09-02
CS8402,0,319,7,2014-12-23,2011-06-06
CS8403,0,968,18,2014-12-21,2011-12-27
CS8404,0,718,15,2014-12-14,2011-06-02
CS8405,0,480,10,2015-01-07,2011-07-11
CS8406,0,588,11,2013-12-05,2011-09-26
CS8407,0,801,15,2015-02-16,2011-08-24
CS8408,0,341,7,2015-03-05,2011-06-24
CS8409,0,399,8,2014-08-18,2011-06-20
CS8410,0,231,7,2014-11-03,2012-02-23
CS8411,0,595,11,2014-10-13,2012-04-09
CS8412,0,472,11,2015-02-16,2011-06-08
CS8413,0,434,10,2015-01-31,2011-06-18
CS8414,0,629,15,2014-11-16,2011-05-18
CS8415,0,561,13,2014-12-22,2011-07-11
CS8416,0,577,13,2015-03-11,2011-08-11
CS8417,0,520,11,2014-12-23,2011-08-19
CS8418,0,378,12,2014-09-01,2011-09-13
CS8419,0,539,12,2015-01-13,2011-07-10
CS8420,0,654,15,2014-04-29,2011-10-26
CS8421,0,779,17,2014-11-30,2011-10-13
CS8422,0,399,11,2015-01-11,2011-05-31
CS8423,0,704,15,2015-03-01,2011-05-22
CS8424,0,558,13,2014-09-18,2011-05-30
CS8425,0,579,14,2015-03-06,2011-08-26
CS8426,0,593,13,2015-02-15,2011-10-02
CS8427,0,428,11,2015-03-15,2011-06-16
CS8428,0,618,12,2014-08-19,2012-03-17
CS8429,0,748,17,2014-10-31,2011-07-13
CS8430,1,1024,21,2015-01-19,2011-07-08
CS8431,0,224,7,2013-08-09,2011-08-03
CS8432,0,636,15,2014-11-29,2011-07-30
CS8433,0,960,20,2014-12-30,2011-06-03
CS8434,0,836,18,2015-02-05,2011-07-27
CS8435,0,369,9,2014-09-16,2011-08-11
CS8436,0,686,16,2014-10-05,2011-07-11
CS8437,0,787,16,2014-10-04,2011-08-09
CS8438,0,380,11,2014-08-09,2011-06-06
CS8439,0,581,14,2015-01-29,2011-12-10
CS8440,0,397,9,2014-10-16,2011-09-13
CS8441,0,990,20,2015-02-18,2011-06-04
CS8442,1,1037,23,2015-02-12,2011-11-21
CS8443,0,418,10,2014-11-23,2011-12-03
CS8444,0,552,10,2015-03-03,2011-12-07
CS8445,0,676,14,2015-03-13,2011-10-18
CS8446,0,267,6,2014-08-13,2013-01-04
CS8447,0,470,10,2014-07-23,2011-07-10
CS8448,0,801,18,2015-02-19,2011-07-30
CS8449,0,360,9,2014-08-01,2011-06-01
CS8450,0,479,11,2015-03-07,2011-09-29
CS8451,0,400,8,2015-02-24,2011-09-08
CS8452,0,557,12,2014-06-05,2011-10-21
CS8453,0,558,14,2014-08-28,2011-06-20
CS8454,0,873,18,2015-01-13,2011-07-25
CS8455,0,781,18,2015-02-13,2011-11-08
CS8456,0,642,14,2015-02-27,2011-09-01
CS8457,1,765,16,2014-11-17,2011-08-02
CS8458,0,230,8,2015-01-26,2012-09-08
CS8459,1,863,21,2014-11-26,2011-09-21
CS8460,0,570,15,2014-10-18,2011-06-24
CS8461,0,594,13,2014-12-11,2011-07-09
CS8462,0,365,9,2014-09-05,2012-02-13
CS8463,0,437,10,2015-03-03,2011-07-03
CS8464,0,566,13,2014-10-04,2011-08-08
CS8465,0,422,13,2015-02-22,2012-03-09
CS8466,0,453,11,2015-02-23,2012-01-04
CS8467,0,488,10,2015-02-04,2011-06-03
CS8468,0,654,16,2015-02-27,2011-08-16
CS8469,0,572,11,2014-05-26,2011-06-19
CS8470,0,470,12,2014-02-07,2011-09-12
CS8471,0,722,13,2014-11-05,2012-01-30
CS8472,0,282,7,2014-12-13,2011-05-26
CS8473,0,530,13,2014-09-06,2011-06-27
CS8474,0,687,14,2014-08-22,2012-01-05
CS8475,0,605,12,2015-03-08,2011-12-18
CS8476,0,592,14,2014-09-02,2011-06-08
CS8477,0,468,11,2015-03-10,2012-02-17
CS8478,0,287,7,2014-10-25,2012-07-22
CS8479,0,223,5,2015-02-06,2011-08-31
CS8480,0,682,14,2014-12-07,2011-08-15
CS8481,0,442,10,2014-11-26,2011-09-08
CS8482,0,895,21,2014-11-29,2011-07-26
CS8483,0,492,10,2014-11-30,2011-12-08
CS8484,0,344,7,2014-01-24,2012-03-07
CS8485,0,708,19,2015-02-13,2011-06-20
CS8486,0,505,12,2014-12-29,2011-07-14
CS8487,0,925,20,2015-03-14,2011-08-29
CS8488,0,634,14,2014-12-19,2011-05-26
CS8489,0,651,15,2014-06-23,2011-10-19
CS8490,0,590,15,2015-01-30,2011-06-25
CS8491,0,465,11,2015-01-30,2011-07-17
CS8492,0,563,12,2014-12-12,2011-08-22
CS8493,0,678,16,2015-02-04,2011-07-16
CS8494,0,681,14,2014-09-15,2011-07-02
CS8495,0,464,11,2014-11-25,2011-06-01
CS8496,0,661,15,2014-01-06,2011-05-20
CS8497,0,374,12,2014-05-25,2011-08-07
CS8498,0,296,7,2015-02-15,2012-05-17
CS8499,0,705,13,2014-12-14,2012-02-29
CS8500,0,463,12,2014-09-29,2011-08-02
CS8501,0,539,13,2015-01-17,2011-05-31
CS8502,0,868,19,2014-12-08,2011-07-07
CS8503,0,497,12,2014-09-29,2011-11-23
CS8504,0,190,4,2015-01-22,2013-10-26
CS8505,0,424,12,2014-11-18,2011-11-19
CS8506,0,364,12,2015-01-20,2011-10-05
CS8507,0,681,13,2014-08-16,2011-12-05
CS8508,0,772,17,2015-02-01,2011-08-19
CS8509,0,579,11,2014-03-25,2011-12-05
CS8510,0,585,13,2014-11-05,2012-09-22
CS8511,0,588,11,2014-12-26,2011-05-19
CS8512,0,968,20,2015-01-22,2011-05-21
CS8513,1,804,14,2014-07-31,2011-10-10
CS8514,0,606,14,2014-09-08,2012-01-14
CS8515,0,790,15,2015-02-16,2011-06-03
CS8516,0,461,11,2015-02-15,2011-06-12
CS8517,0,559,11,2014-10-23,2012-08-28
CS8518,0,693,15,2015-01-27,2011-08-30
CS8519,0,637,13,2015-03-08,2011-06-09
CS8520,0,620,15,2015-02-28,2011-10-15
CS8521,0,550,13,2015-01-31,2012-10-28
CS8522,0,524,11,2014-07-06,2011-05-16
CS8523,0,550,12,2014-12-13,2011-06-01
CS8524,1,510,11,2014-10-31,2011-09-01
CS8525,0,484,10,2015-01-16,2012-03-30
CS8526,0,479,12,2015-01-26,2011-05-21
CS8527,0,620,15,2015-01-14,2011-09-07
CS8528,0,405,12,2014-10-21,2011-11-07
CS8529,0,618,12,2015-02-09,2011-07-04
CS8530,0,664,16,2015-03-14,2011-06-13
CS8531,0,816,18,2014-11-14,2011-07-22
CS8532,0,318,7,2015-01-28,2011-08-23
CS8533,0,711,15,2015-03-06,2011-09-13
CS8534,0,639,14,2014-11-24,2011-10-04
CS8535,0,466,11,2014-10-03,2011-09-04
CS8536,0,716,15,2015-02-20,2011-06-22
CS8537,0,422,11,2015-02-14,2011-06-09
CS8538,0,692,13,2014-06-19,2011-06-18
CS8539,0,510,10,2014-09-25,2011-07-14
CS8540,0,643,14,2014-08-28,2011-07-21
CS8541,1,819,18,2014-10-05,2011-06-30
CS8542,0,281,8,2014-12-17,2011-08-28
CS8543,0,588,14,2015-01-21,2011-06-29
CS8544,1,583,11,2014-09-15,2011-11-07
CS8545,0,721,15,2015-01-18,2011-08-26
CS8546,0,558,14,2015-02-08,2012-05-29
CS8547,0,488,11,2015-02-20,2011-06-27
CS8548,0,775,16,2014-09-06,2011-06-29
CS8549,0,357,11,2014-07-06,2011-11-14
CS8550,0,334,9,2015-03-06,2011-12-02
CS8551,0,477,13,2014-06-18,2011-06-03
CS8552,0,890,20,2015-02-25,2011-07-19
CS8553,0,374,8,2014-07-06,2011-05-25
CS8554,0,368,8,2015-01-20,2011-06-04
CS8555,0,456,10,2014-12-09,2011-09-15
CS8556,0,721,17,2015-03-03,2011-08-31
CS8557,0,586,13,2015-03-11,2011-09-15
CS8558,0,605,14,2014-11-16,2011-06-08
CS8559,0,157,4,2014-02-21,2011-08-19
CS8560,0,756,14,2014-11-11,2011-05-23
CS8561,0,765,16,2015-01-27,2011-07-27
CS8562,0,250,6,2015-03-05,2012-06-16
CS8563,0,614,12,2015-03-15,2011-05-31
CS8564,0,495,10,2015-01-19,2011-05-23
CS8565,0,523,13,2014-10-27,2011-10-08
CS8566,0,669,13,2014-11-18,2012-03-09
CS8567,0,569,12,2015-03-15,2011-07-15
CS8568,0,753,15,2015-02-17,2011-05-20
CS8569,0,673,16,2015-03-06,2011-06-26
CS8570,0,294,6,2014-11-03,2011-05-26
CS8571,0,597,11,2015-02-04,2011-08-03
CS8572,0,490,10,2014-08-17,2011-11-08
CS8573,0,698,13,2014-09-01,2012-03-03
CS8574,0,328,8,2015-02-11,2011-12-05
CS8575,0,686,15,2014-07-25,2011-05-19
CS8576,0,252,7,2014-02-17,2012-03-31
CS8577,0,485,13,2015-03-08,2011-05-20
CS8578,0,566,15,2015-02-08,2011-06-17
CS8579,0,1151,25,2015-03-08,2011-07-23
CS8580,1,627,13,2015-02-15,2011-12-25
CS8581,0,418,9,2015-01-21,2011-08-23
CS8582,0,967,20,2015-02-18,2011-11-04
CS8583,0,425,9,2015-01-24,2011-09-05
CS8584,0,931,18,2014-11-25,2011-06-26
CS8585,0,503,12,2015-03-16,2011-08-01
CS8586,0,462,9,2015-02-08,2011-06-26
CS8587,0,514,12,2015-02-22,2011-08-06
CS8588,0,930,17,2014-12-11,2012-01-02
CS8589,0,529,13,2015-01-23,2012-04-25
CS8590,0,697,17,2014-10-11,2011-07-01
CS8591,1,487,11,2014-01-08,2011-10-02
CS8592,0,459,13,2015-02-05,2011-06-22
CS8593,0,410,13,2015-02-28,2011-06-02
CS8594,0,763,16,2015-03-14,2011-05-16
CS8595,0,318,11,2015-02-27,2012-08-06
CS8596,0,344,8,2014-12-22,2011-09-18
CS8597,0,784,16,2014-03-23,2011-08-20
CS8598,0,446,11,2014-12-26,2011-12-26
CS8599,0,649,17,2015-01-04,2011-08-12
CS8600,0,768,16,2015-02-23,2011-09-19
CS8601,0,680,16,2015-01-29,2011-08-12
CS8602,0,800,16,2014-11-15,2011-05-29
CS8603,0,485,12,2015-02-08,2011-11-21
CS8604,0,705,13,2015-01-27,2011-08-22
CS8605,0,472,10,2014-10-12,2011-11-20
CS8606,0,556,13,2015-02-23,2012-01-30
CS8607,0,292,7,2015-03-02,2011-07-15
CS8608,0,549,13,2015-01-13,2011-06-17
CS8609,0,252,8,2015-01-26,2012-01-16
CS8610,0,583,13,2015-01-16,2011-07-02
CS8611,0,433,12,2015-01-27,2011-07-15
CS8612,0,699,17,2014-12-27,2011-05-26
CS8613,0,706,13,2015-01-31,2011-07-10
CS8614,0,590,14,2015-02-07,2011-05-17
CS8615,0,752,18,2014-12-17,2011-07-10
CS8616,0,262,6,2015-02-01,2011-06-01
CS8617,0,446,10,2014-10-10,2012-01-17
CS8618,0,573,13,2014-08-28,2011-07-11
CS8619,0,327,9,2015-01-09,2011-07-13
CS8620,0,903,23,2014-10-25,2011-05-18
CS8621,0,636,18,2015-01-06,2011-12-01
CS8622,0,761,15,2015-02-12,2011-05-20
CS8623,0,693,16,2015-03-01,2011-05-18
CS8624,0,914,20,2015-02-07,2011-07-16
CS8625,0,705,14,2014-04-23,2011-06-07
CS8626,0,381,7,2014-07-05,2011-10-31
CS8627,0,519,11,2014-08-06,2011-05-30
CS8628,0,653,14,2015-02-12,2011-07-10
CS8629,0,386,9,2014-12-04,2011-10-30
CS8630,0,384,11,2014-09-10,2011-08-10
CS8631,0,321,7,2013-08-24,2011-09-18
CS8632,0,686,13,2014-11-05,2011-08-09
CS8633,0,433,12,2013-11-14,2011-07-28
CS8634,0,535,12,2014-10-26,2012-06-25
CS8635,0,634,15,2014-11-27,2011-11-07
CS8636,0,484,10,2014-11-10,2012-04-30
CS8637,0,705,17,2015-01-17,2011-05-26
CS8638,0,907,20,2015-03-11,2011-11-12
CS8639,0,856,19,2015-02-01,2011-08-31
CS8640,0,514,11,2015-01-28,2011-06-11
CS8641,0,567,14,2014-12-24,2011-08-24
CS8642,0,670,13,2014-07-27,2011-05-23
CS8643,0,611,14,2014-10-01,2011-10-16
CS8644,1,802,16,2015-02-19,2012-03-17
CS8645,0,346,8,2015-02-22,2011-07-01
CS8646,0,563,12,2015-02-19,2011-06-10
CS8647,0,572,14,2015-02-17,2012-03-11
CS8648,0,436,14,2014-10-28,2011-09-07
CS8649,0,666,15,2014-11-30,2011-08-28
CS8650,0,678,13,2014-07-16,2011-10-24
CS8651,0,468,13,2015-01-06,2011-07-16
CS8652,0,475,13,2014-11-28,2012-02-08
CS8653,0,529,15,2014-12-14,2011-05-24
CS8654,0,439,9,2015-01-19,2011-06-21
CS8655,0,819,16,2014-04-21,2011-06-07
CS8656,0,841,15,2015-01-10,2011-07-08
CS8657,0,974,20,2015-02-04,2011-05-21
CS8658,0,771,18,2015-02-17,2011-08-21
CS8659,0,518,12,2015-02-27,2011-11-16
CS8660,0,558,11,2015-02-08,2012-03-04
CS8661,0,664,16,2014-11-16,2011-07-05
CS8662,0,789,16,2015-02-27,2011-05-31
CS8663,0,794,17,2015-03-09,2011-10-11
CS8664,0,799,16,2015-01-13,2011-09-10
CS8665,0,367,10,2015-02-21,2011-06-02
CS8666,0,583,12,2014-02-10,2011-10-11
CS8667,0,307,6,2013-09-26,2011-09-01
CS8668,0,693,16,2014-12-28,2011-09-20
CS8669,0,1020,24,2015-01-18,2011-06-29
CS8670,0,584,14,2014-12-15,2011-10-19
CS8671,0,468,10,2015-01-10,2011-10-05
CS8672,0,797,15,2015-03-10,2011-08-24
CS8673,0,659,14,2015-03-15,2011-06-28
CS8674,0,302,7,2014-07-01,2011-07-26
CS8675,0,430,11,2014-12-21,2011-10-30
CS8676,0,447,14,2014-07-30,2011-07-03
CS8677,0,390,10,2014-10-16,2011-08-12
CS8678,0,393,9,2014-11-25,2011-06-01
CS8679,0,654,15,2014-12-25,2011-11-26
CS8680,0,349,9,2014-08-29,2011-08-10
CS8681,0,656,14,2015-02-04,2011-08-18
CS8682,0,1196,24,2015-03-02,2011-06-03
CS8683,0,757,14,2015-01-30,2011-09-20
CS8684,0,461,10,2014-10-23,2011-06-07
CS8685,0,526,11,2015-03-08,2011-11-07
CS8686,0,520,14,2014-06-19,2011-06-24
CS8687,0,741,17,2014-09-03,2011-06-18
CS8688,0,461,10,2014-01-01,2011-10-21
CS8689,0,502,9,2015-02-17,2011-12-11
CS8690,0,824,17,2015-02-16,2011-05-20
CS8691,0,565,11,2014-05-28,2011-06-13
CS8692,0,1024,20,2015-02-15,2011-07-04
CS8693,0,664,16,2015-01-29,2011-08-25
CS8694,0,674,16,2014-09-14,2011-07-16
CS8695,0,665,16,2014-12-06,2011-05-17
CS8696,0,614,12,2014-12-01,2011-11-11
CS8697,0,703,13,2014-12-07,2011-10-25
CS8698,0,293,9,2014-06-20,2011-07-16
CS8699,0,558,14,2014-10-30,2011-07-18
CS8700,0,761,18,2014-11-22,2011-05-25
CS8701,0,554,13,2015-02-13,2011-11-07
CS8702,0,894,20,2015-01-14,2011-10-01
CS8703,0,985,19,2015-03-05,2011-06-12
CS8704,0,510,10,2015-01-27,2011-08-31
CS8705,0,692,13,2014-10-05,2011-10-21
CS8706,0,564,12,2014-11-22,2011-06-06
CS8707,0,488,9,2015-01-30,2011-05-24
CS8708,0,514,12,2015-03-01,2011-05-21
CS8709,0,335,7,2015-03-07,2011-10-11
CS8710,0,582,14,2015-03-09,2011-09-29
CS8711,1,528,11,2014-09-10,2011-05-20
CS8712,0,513,12,2015-03-10,2011-05-30
CS8713,0,693,14,2015-02-19,2011-11-07
CS8714,0,260,7,2015-02-07,2012-09-02
CS8715,0,713,14,2015-03-15,2011-05-26
CS8716,0,335,10,2015-01-06,2011-10-26
CS8717,0,467,11,2014-09-19,2011-06-04
CS8718,0,378,8,2014-11-03,2011-10-12
CS8719,0,708,15,2014-05-24,2011-06-25
CS8720,0,598,13,2014-08-04,2011-08-28
CS8721,0,509,12,2015-02-20,2011-05-17
CS8722,0,651,15,2015-01-26,2011-10-01
CS8723,0,827,17,2015-02-03,2011-07-03
CS8724,0,371,6,2014-07-01,2011-10-15
CS8725,0,267,6,2014-10-01,2011-05-16
CS8726,0,537,15,2015-02-22,2011-08-15
CS8727,0,480,13,2015-01-17,2011-06-08
CS8728,0,425,11,2014-12-19,2011-10-03
CS8729,0,723,16,2014-12-30,2011-10-15
CS8730,0,692,13,2014-04-01,2011-09-30
CS8731,0,654,15,2015-02-28,2011-08-11
CS8732,0,554,11,2015-02-09,2011-06-02
CS8733,0,638,14,2015-02-03,2011-07-04
CS8734,0,780,14,2015-01-02,2011-05-18
CS8735,0,616,15,2015-01-14,2011-10-08
CS8736,0,742,15,2015-03-02,2011-11-01
CS8737,0,300,7,2015-02-16,2011-07-16
CS8738,0,854,16,2014-11-23,2011-08-03
CS8739,0,945,20,2014-10-12,2011-07-25
CS8740,0,290,7,2013-12-02,2011-10-30
CS8741,0,910,17,2015-03-08,2011-07-25
CS8742,0,529,15,2014-12-02,2011-12-10
CS8743,0,430,11,2014-11-11,2011-05-31
CS8744,0,537,11,2015-01-29,2011-08-08
CS8745,0,687,14,2014-10-14,2011-07-26
CS8746,0,623,12,2015-03-12,2011-05-23
CS8747,0,662,15,2014-12-12,2011-06-01
CS8748,0,1047,21,2014-11-28,2011-06-04
CS8749,0,482,11,2015-02-17,2011-05-21
CS8750,0,476,12,2014-02-13,2011-06-14
CS8751,0,613,15,2015-02-03,2011-10-06
CS8752,0,457,9,2014-11-23,2011-06-26
CS8754,0,360,10,2015-01-06,2012-09-24
CS8755,0,1052,21,2015-02-25,2011-09-03
CS8756,0,785,18,2014-11-09,2011-07-28
CS8757,0,583,14,2015-01-21,2011-08-13
CS8758,0,382,9,2015-02-19,2012-06-01
CS8759,0,564,11,2014-12-16,2011-07-26
CS8760,0,236,7,2013-12-24,2011-05-27
CS8761,0,781,15,2015-02-10,2011-06-13
CS8762,1,232,5,2014-06-15,2011-07-19
CS8763,0,237,6,2015-03-16,2012-04-17
CS8764,0,396,10,2014-11-10,2011-12-03
CS8765,0,644,13,2015-03-04,2011-08-29
CS8766,0,836,19,2015-02-23,2011-07-04
CS8767,0,659,15,2015-03-15,2011-07-27
CS8768,0,448,13,2015-01-29,2011-10-15
CS8769,0,867,21,2015-02-24,2011-05-22
CS8770,0,812,16,2015-02-05,2011-10-02
CS8771,0,887,19,2014-09-16,2011-07-02
CS8772,0,697,13,2014-06-05,2011-07-12
CS8773,0,847,16,2015-03-05,2011-06-04
CS8774,0,339,10,2015-01-11,2011-12-04
CS8775,0,683,15,2015-02-27,2011-07-04
CS8776,0,1007,20,2015-02-12,2011-09-28
CS8777,0,815,16,2014-06-04,2011-05-19
CS8778,0,515,14,2014-12-20,2011-05-23
CS8779,0,389,10,2015-01-08,2011-09-07
CS8780,0,468,10,2015-02-09,2011-07-23
CS8781,0,592,13,2015-01-17,2011-06-02
CS8782,0,576,13,2014-12-30,2011-10-12
CS8783,0,849,20,2015-01-27,2011-06-24
CS8784,0,589,14,2014-09-11,2011-05-19
CS8785,0,721,18,2015-02-07,2011-07-11
CS8786,0,1061,22,2015-02-20,2011-07-06
CS8787,0,627,15,2015-03-06,2011-08-25
CS8788,0,533,11,2015-01-08,2011-06-18
CS8789,0,781,17,2014-11-19,2011-07-02
CS8790,0,718,16,2014-11-15,2011-05-18
CS8791,0,519,13,2015-03-02,2011-08-30
CS8792,0,883,17,2014-12-31,2011-06-09
CS8793,0,615,14,2015-01-05,2011-06-01
CS8794,0,710,14,2015-03-12,2012-05-21
CS8795,0,445,12,2014-04-05,2011-07-26
CS8796,0,517,13,2014-10-14,2011-09-30
CS8797,0,603,14,2014-08-22,2011-06-25
CS8798,0,590,13,2014-12-29,2011-05-22
CS8799,0,278,5,2015-03-09,2012-01-18
CS8800,0,480,12,2014-02-06,2011-09-30
CS8801,0,626,11,2015-02-02,2011-06-01
CS8802,0,874,19,2015-02-15,2011-07-05
CS8803,0,595,13,2014-11-09,2011-07-28
CS8804,0,757,17,2015-02-18,2011-07-03
CS8805,0,652,14,2015-02-11,2011-05-27
CS8806,0,373,7,2014-10-16,2011-07-13
CS8807,0,421,11,2015-01-14,2011-09-19
CS8808,0,655,16,2014-09-29,2011-10-20
CS8809,0,625,16,2015-03-03,2011-06-09
CS8810,0,569,14,2014-12-17,2011-08-19
CS8811,0,529,11,2014-09-19,2011-05-18
CS8812,0,435,11,2015-02-24,2011-10-23
CS8813,0,627,15,2014-12-31,2012-07-14
CS8814,0,660,13,2015-02-21,2011-09-18
CS8815,0,462,9,2014-08-14,2012-07-02
CS8816,0,738,15,2015-02-14,2011-08-04
CS8817,0,627,15,2014-02-05,2011-08-18
CS8818,0,556,14,2015-03-06,2012-02-19
CS8819,0,634,13,2015-02-21,2011-05-31
CS8820,0,665,17,2014-10-17,2011-06-30
CS8821,0,1029,19,2015-02-26,2011-06-24
CS8822,0,442,11,2015-01-29,2011-11-01
CS8823,0,811,16,2015-02-26,2011-05-23
CS8824,0,486,10,2014-12-09,2011-05-20
CS8825,0,262,6,2015-02-18,2012-06-22
CS8826,0,624,13,2014-10-25,2011-06-09
CS8827,0,595,14,2014-02-07,2011-05-31
CS8828,0,526,12,2015-01-27,2011-08-20
CS8829,0,697,14,2014-05-27,2011-06-24
CS8830,0,718,15,2014-12-08,2011-06-29
CS8831,0,376,10,2015-01-29,2012-01-19
CS8832,0,612,14,2015-02-06,2011-05-23
CS8833,0,392,11,2015-03-13,2011-08-05
CS8834,0,778,16,2015-01-26,2011-05-23
CS8835,0,869,19,2014-10-02,2011-09-27
CS8836,0,530,13,2015-02-10,2011-09-21
CS8837,0,474,13,2015-02-24,2011-08-17
CS8838,0,480,13,2014-05-18,2011-05-25
CS8839,0,726,15,2014-12-16,2011-08-26
CS8840,0,494,13,2014-12-26,2011-11-20
CS8841,0,181,5,2014-08-10,2011-06-12
CS8842,0,706,13,2015-02-17,2011-06-11
CS8843,0,565,12,2014-09-29,2011-07-22
CS8844,0,355,7,2014-09-08,2011-09-15
CS8845,1,983,21,2015-01-02,2011-11-27
CS8846,0,682,16,2015-03-09,2011-09-08
CS8847,0,639,14,2014-12-10,2011-06-16
CS8848,0,618,14,2014-06-11,2011-06-08
CS8849,0,771,17,2015-01-09,2011-07-03
CS8850,0,546,12,2015-02-18,2011-08-22
CS8851,0,636,12,2014-09-16,2011-07-24
CS8852,0,411,10,2014-01-03,2011-05-30
CS8853,0,629,15,2015-02-03,2011-07-05
CS8854,0,716,15,2015-02-10,2012-02-24
CS8855,1,714,16,2014-12-15,2011-09-28
CS8856,0,475,12,2015-01-16,2011-05-29
CS8857,0,459,11,2014-01-16,2011-07-08
CS8858,0,608,12,2015-01-26,2011-05-28
CS8859,0,250,5,2014-12-23,2011-10-11
CS8860,0,429,12,2014-09-25,2011-06-22
CS8861,0,321,11,2015-03-06,2011-06-08
CS8862,0,623,13,2014-10-31,2011-07-31
CS8863,0,559,15,2014-11-03,2011-08-07
CS8864,0,648,18,2015-01-05,2011-07-19
CS8865,0,810,17,2014-06-02,2011-07-05
CS8866,0,590,13,2014-10-15,2011-07-22
CS8867,0,414,10,2015-02-23,2011-05-31
CS8868,0,585,12,2015-01-27,2011-06-15
CS8869,0,631,14,2015-02-17,2011-11-07
CS8870,0,756,14,2014-12-02,2011-06-15
CS8871,0,872,21,2014-10-22,2011-05-30
CS8872,0,729,13,2015-03-15,2011-06-20
CS8873,0,924,21,2015-02-28,2011-08-01
CS8874,0,300,8,2014-09-20,2011-08-02
CS8875,0,355,9,2015-02-24,2012-02-16
CS8876,0,742,17,2015-02-27,2011-10-13
CS8877,0,803,18,2015-03-15,2011-06-01
CS8878,0,626,17,2015-01-04,2011-07-20
CS8879,0,363,9,2014-12-20,2011-07-02
CS8880,0,693,13,2014-12-27,2011-06-23
CS8881,0,615,15,2014-09-19,2011-07-18
CS8882,0,281,8,2014-07-25,2011-05-30
CS8883,0,656,16,2014-09-03,2011-09-11
CS8884,0,581,18,2015-03-16,2011-10-11
CS8885,0,754,16,2014-10-25,2011-08-05
CS8886,0,510,12,2014-12-02,2011-08-15
CS8887,0,758,16,2015-02-10,2011-06-09
CS8888,0,640,14,2014-04-26,2011-08-12
CS8889,0,546,12,2014-05-21,2011-08-26
CS8890,0,361,12,2015-01-07,2011-08-01
CS8891,0,522,14,2015-01-19,2011-05-27
CS8892,0,533,10,2014-09-23,2012-03-24
CS8893,0,813,20,2015-03-11,2011-06-03
CS8894,0,628,14,2015-02-27,2011-05-25
CS8895,0,674,13,2015-02-26,2011-08-13
CS8896,0,556,13,2014-11-29,2012-02-19
CS8897,0,515,12,2015-02-17,2011-05-16
CS8898,0,644,14,2015-02-10,2011-05-18
CS8899,0,841,19,2015-03-02,2011-06-24
CS8900,0,709,17,2015-03-06,2011-12-22
CS8901,0,600,13,2014-09-07,2011-10-18
CS8902,0,886,19,2014-11-27,2011-06-27
CS8903,0,459,12,2014-10-14,2011-12-13
CS8904,0,736,17,2015-03-10,2011-10-25
CS8905,1,539,13,2014-12-20,2011-09-30
CS8906,0,958,21,2015-01-15,2011-05-29
CS8907,0,816,16,2015-02-03,2011-05-26
CS8908,0,267,10,2015-01-10,2011-06-23
CS8909,0,551,11,2015-02-12,2011-10-01
CS8910,0,464,12,2015-03-05,2011-06-24
CS8911,0,707,13,2015-02-10,2011-08-23
CS8912,0,408,11,2014-12-21,2012-01-02
CS8913,0,601,12,2014-08-14,2011-06-20
CS8914,0,990,21,2014-12-19,2011-10-19
CS8915,0,886,17,2014-12-21,2011-07-15
CS8916,0,585,14,2014-10-29,2011-11-29
CS8917,0,513,10,2015-03-15,2011-08-02
CS8918,0,762,19,2015-03-07,2011-06-08
CS8919,0,276,6,2014-06-17,2011-06-22
CS8920,0,746,16,2015-03-09,2011-07-09
CS8921,0,525,11,2015-01-22,2012-01-08
CS8922,0,264,7,2015-02-25,2011-05-21
CS8923,0,310,7,2014-09-02,2011-09-13
CS8924,0,638,16,2014-07-29,2011-06-05
CS8925,0,391,8,2015-03-14,2011-08-03
CS8926,0,559,11,2015-02-15,2011-06-02
CS8927,0,579,12,2014-11-09,2011-06-16
CS8928,0,635,13,2014-10-27,2011-12-13
CS8929,0,901,18,2015-03-16,2011-06-02
CS8930,0,606,15,2014-10-26,2011-12-21
CS8931,0,670,15,2015-03-11,2011-06-14
CS8932,0,583,14,2014-11-25,2011-05-16
CS8933,0,359,8,2014-08-13,2011-09-10
CS8934,0,493,10,2015-02-27,2012-04-19
CS8935,0,668,14,2015-03-06,2011-05-27
CS8936,0,412,8,2015-01-07,2011-05-18
CS8937,0,699,13,2015-03-02,2011-09-05
CS8938,0,737,17,2014-12-13,2011-07-04
CS8939,0,675,13,2014-09-17,2011-11-11
CS8940,0,557,13,2014-12-19,2011-06-06
CS8941,0,520,9,2014-05-08,2011-08-24
CS8942,0,472,13,2014-03-29,2011-08-15
CS8943,0,464,9,2014-12-30,2012-08-09
CS8944,0,396,10,2014-08-04,2011-08-19
CS8945,0,645,16,2015-03-08,2011-05-18
CS8946,0,633,15,2014-06-07,2012-02-29
CS8947,0,634,14,2014-10-19,2011-07-16
CS8948,0,520,12,2014-09-02,2012-04-15
CS8949,0,760,15,2014-10-07,2011-07-06
CS8950,0,395,8,2015-01-28,2011-06-23
CS8951,0,940,22,2014-04-14,2011-05-20
CS8952,0,640,15,2015-02-01,2011-07-26
CS8953,0,587,13,2014-12-16,2011-08-07
CS8954,0,445,11,2015-01-27,2011-07-30
CS8955,0,546,14,2015-02-15,2011-11-23
CS8956,0,807,20,2014-12-12,2011-06-08
CS8957,0,676,13,2015-01-12,2011-11-06
CS8958,0,302,9,2014-11-30,2011-09-08
CS8959,0,463,13,2015-03-02,2011-05-25
CS8960,0,403,9,2015-02-09,2012-04-01
CS8961,0,868,20,2014-06-15,2011-06-21
CS8962,0,798,19,2015-03-16,2011-10-10
CS8963,0,356,9,2014-12-25,2011-06-18
CS8964,0,756,17,2014-12-10,2011-06-24
CS8965,0,488,9,2014-10-05,2011-08-01
CS8966,0,400,10,2014-09-04,2011-08-04
CS8967,0,575,13,2015-03-16,2011-06-12
CS8968,0,833,19,2015-01-23,2011-06-11
CS8969,0,639,12,2015-03-07,2011-10-13
CS8970,0,712,15,2015-03-07,2011-06-01
CS8971,1,448,11,2014-07-20,2011-06-01
CS8972,0,627,15,2014-08-27,2012-01-16
CS8973,0,504,13,2014-09-11,2011-11-13
CS8974,0,408,12,2014-12-25,2011-07-18
CS8975,0,493,13,2014-08-18,2011-06-09
CS8976,0,595,12,2014-08-25,2011-05-21
CS8977,0,661,13,2015-03-06,2011-06-06
CS8978,0,527,14,2014-11-17,2011-08-31
CS8979,0,609,15,2015-03-14,2011-08-11
CS8980,0,816,16,2014-06-12,2011-06-30
CS8981,0,453,9,2014-04-20,2011-08-14
CS8982,0,611,16,2014-12-24,2011-07-22
CS8983,0,629,14,2015-03-05,2011-06-11
CS8984,0,693,15,2015-01-24,2011-07-07
CS8985,0,502,12,2014-08-02,2011-07-16
CS8986,0,610,16,2014-12-26,2011-06-13
CS8987,0,535,13,2014-12-18,2011-08-08
CS8988,0,552,14,2014-07-11,2011-06-10
CS8989,0,815,15,2015-03-07,2011-12-19
CS8990,0,613,13,2014-12-12,2011-07-21
CS8991,0,602,14,2015-01-02,2011-06-06
CS8992,0,277,9,2014-09-28,2011-11-09
CS8993,0,409,10,2015-01-02,2011-07-19
CS8994,0,749,16,2014-12-17,2011-08-13
CS8995,0,347,7,2015-02-05,2011-06-28
CS8996,0,582,13,2014-12-09,2011-11-15
CS8997,0,543,14,2014-06-28,2011-06-08
CS8998,0,624,13,2014-12-22,2011-06-08
CS8999,0,383,12,2014-07-02,2011-07-25
CS9000,0,533,13,2015-02-28,2011-09-04
